Date,Price
5/15/97,0.10
5/16/97,0.09
5/19/97,0.09
5/20/97,0.08
5/21/97,0.07
5/22/97,0.07
5/23/97,0.08
5/27/97,0.08
5/28/97,0.08
5/29/97,0.08
5/30/97,0.08
6/2/97,0.08
6/3/97,0.07
6/4/97,0.07
6/5/97,0.08
6/6/97,0.08
6/9/97,0.08
6/10/97,0.08
6/11/97,0.08
6/12/97,0.08
6/13/97,0.08
6/16/97,0.08
6/17/97,0.08
6/18/97,0.08
6/19/97,0.08
6/20/97,0.08
6/23/97,0.08
6/24/97,0.08
6/25/97,0.08
6/26/97,0.08
6/27/97,0.07
6/30/97,0.08
7/1/97,0.08
7/2/97,0.08
7/3/97,0.10
7/7/97,0.10
7/8/97,0.12
7/9/97,0.12
7/10/97,0.13
7/11/97,0.11
7/14/97,0.11
7/15/97,0.12
7/16/97,0.12
7/17/97,0.11
7/18/97,0.11
7/21/97,0.11
7/22/97,0.11
7/23/97,0.11
7/24/97,0.11
7/25/97,0.11
7/28/97,0.12
7/29/97,0.12
7/30/97,0.12
7/31/97,0.12
8/1/97,0.12
8/4/97,0.12
8/5/97,0.11
8/6/97,0.11
8/7/97,0.11
8/8/97,0.11
8/11/97,0.12
8/12/97,0.11
8/13/97,0.11
8/14/97,0.11
8/15/97,0.11
8/18/97,0.10
8/19/97,0.11
8/20/97,0.11
8/21/97,0.11
8/22/97,0.11
8/25/97,0.11
8/26/97,0.12
8/27/97,0.12
8/28/97,0.12
8/29/97,0.12
9/2/97,0.12
9/3/97,0.12
9/4/97,0.13
9/5/97,0.13
9/8/97,0.15
9/9/97,0.16
9/10/97,0.17
9/11/97,0.16
9/12/97,0.18
9/15/97,0.15
9/16/97,0.17
9/17/97,0.17
9/18/97,0.16
9/19/97,0.20
9/22/97,0.23
9/23/97,0.23
9/24/97,0.22
9/25/97,0.20
9/26/97,0.21
9/29/97,0.20
9/30/97,0.22
10/1/97,0.20
10/2/97,0.20
10/3/97,0.20
10/6/97,0.21
10/7/97,0.20
10/8/97,0.20
10/9/97,0.19
10/10/97,0.20
10/13/97,0.20
10/14/97,0.20
10/15/97,0.20
10/16/97,0.18
10/17/97,0.18
10/20/97,0.19
10/21/97,0.22
10/22/97,0.23
10/23/97,0.23
10/24/97,0.25
10/27/97,0.21
10/28/97,0.25
10/29/97,0.27
10/30/97,0.26
10/31/97,0.25
11/3/97,0.25
11/4/97,0.25
11/5/97,0.24
11/6/97,0.23
11/7/97,0.22
11/10/97,0.21
11/11/97,0.20
11/12/97,0.19
11/13/97,0.19
11/14/97,0.21
11/17/97,0.22
11/18/97,0.22
11/19/97,0.23
11/20/97,0.23
11/21/97,0.22
11/24/97,0.21
11/25/97,0.21
11/26/97,0.21
11/28/97,0.21
12/1/97,0.21
12/2/97,0.21
12/3/97,0.22
12/4/97,0.23
12/5/97,0.23
12/8/97,0.24
12/9/97,0.23
12/10/97,0.23
12/11/97,0.23
12/12/97,0.23
12/15/97,0.23
12/16/97,0.22
12/17/97,0.22
12/18/97,0.21
12/19/97,0.23
12/22/97,0.23
12/23/97,0.23
12/24/97,0.23
12/26/97,0.23
12/29/97,0.24
12/30/97,0.24
12/31/97,0.25
1/2/98,0.25
1/5/98,0.24
1/6/98,0.24
1/7/98,0.24
1/8/98,0.23
1/9/98,0.21
1/12/98,0.22
1/13/98,0.23
1/14/98,0.24
1/15/98,0.25
1/16/98,0.24
1/20/98,0.25
1/21/98,0.25
1/22/98,0.26
1/23/98,0.25
1/26/98,0.24
1/27/98,0.24
1/28/98,0.24
1/29/98,0.25
1/30/98,0.25
2/2/98,0.26
2/3/98,0.26
2/4/98,0.25
2/5/98,0.25
2/6/98,0.25
2/9/98,0.24
2/10/98,0.27
2/11/98,0.26
2/12/98,0.26
2/13/98,0.26
2/17/98,0.26
2/18/98,0.25
2/19/98,0.26
2/20/98,0.26
2/23/98,0.27
2/24/98,0.27
2/25/98,0.27
2/26/98,0.30
2/27/98,0.32
3/2/98,0.32
3/3/98,0.30
3/4/98,0.31
3/5/98,0.31
3/6/98,0.32
3/9/98,0.35
3/10/98,0.35
3/11/98,0.33
3/12/98,0.33
3/13/98,0.33
3/16/98,0.33
3/17/98,0.33
3/18/98,0.36
3/19/98,0.35
3/20/98,0.35
3/23/98,0.35
3/24/98,0.35
3/25/98,0.34
3/26/98,0.34
3/27/98,0.35
3/30/98,0.36
3/31/98,0.36
4/1/98,0.38
4/2/98,0.40
4/3/98,0.39
4/6/98,0.37
4/7/98,0.36
4/8/98,0.37
4/9/98,0.40
4/13/98,0.39
4/14/98,0.40
4/15/98,0.40
4/16/98,0.41
4/17/98,0.40
4/20/98,0.39
4/21/98,0.39
4/22/98,0.36
4/23/98,0.34
4/24/98,0.35
4/27/98,0.34
4/28/98,0.40
4/29/98,0.40
4/30/98,0.38
5/1/98,0.39
5/4/98,0.40
5/5/98,0.39
5/6/98,0.38
5/7/98,0.38
5/8/98,0.38
5/11/98,0.36
5/12/98,0.38
5/13/98,0.39
5/14/98,0.38
5/15/98,0.37
5/18/98,0.37
5/19/98,0.38
5/20/98,0.37
5/21/98,0.37
5/22/98,0.36
5/26/98,0.34
5/27/98,0.36
5/28/98,0.36
5/29/98,0.37
6/1/98,0.36
6/2/98,0.36
6/3/98,0.35
6/4/98,0.37
6/5/98,0.37
6/8/98,0.39
6/9/98,0.43
6/10/98,0.45
6/11/98,0.52
6/12/98,0.51
6/15/98,0.55
6/16/98,0.61
6/17/98,0.66
6/18/98,0.60
6/19/98,0.63
6/22/98,0.68
6/23/98,0.77
6/24/98,0.83
6/25/98,0.83
6/26/98,0.79
6/29/98,0.82
6/30/98,0.83
7/1/98,0.95
7/2/98,1.03
7/6/98,1.16
7/7/98,1.02
7/8/98,0.89
7/9/98,0.88
7/10/98,0.83
7/13/98,0.90
7/14/98,0.96
7/15/98,0.94
7/16/98,0.94
7/17/98,1.00
7/20/98,1.15
7/21/98,1.10
7/22/98,1.12
7/23/98,1.06
7/24/98,1.04
7/27/98,1.05
7/28/98,0.99
7/29/98,0.90
7/30/98,0.95
7/31/98,0.92
8/3/98,0.90
8/4/98,0.92
8/5/98,0.88
8/6/98,0.91
8/7/98,0.97
8/10/98,1.01
8/11/98,1.03
8/12/98,1.09
8/13/98,1.06
8/14/98,1.02
8/17/98,1.00
8/18/98,1.07
8/19/98,1.07
8/20/98,1.08
8/21/98,1.08
8/24/98,1.12
8/25/98,1.10
8/26/98,1.06
8/27/98,0.99
8/28/98,0.88
8/31/98,0.70
9/1/98,0.67
9/2/98,0.73
9/3/98,0.72
9/4/98,0.72
9/8/98,0.77
9/9/98,0.70
9/10/98,0.66
9/11/98,0.63
9/14/98,0.61
9/15/98,0.61
9/16/98,0.70
9/17/98,0.64
9/18/98,0.66
9/21/98,0.71
9/22/98,0.73
9/23/98,0.88
9/24/98,0.85
9/25/98,0.91
9/28/98,0.96
9/29/98,0.94
9/30/98,0.93
10/1/98,0.86
10/2/98,0.92
10/5/98,0.87
10/6/98,0.90
10/7/98,0.78
10/8/98,0.72
10/9/98,0.76
10/12/98,0.78
10/13/98,0.76
10/14/98,0.78
10/15/98,0.81
10/16/98,0.83
10/19/98,0.88
10/20/98,0.89
10/21/98,0.92
10/22/98,0.96
10/23/98,0.97
10/26/98,1.01
10/27/98,0.97
10/28/98,0.98
10/29/98,1.05
10/30/98,1.05
11/2/98,1.09
11/3/98,1.05
11/4/98,1.08
11/5/98,1.07
11/6/98,1.04
11/9/98,1.06
11/10/98,1.10
11/11/98,1.06
11/12/98,1.09
11/13/98,1.06
11/16/98,1.05
11/17/98,1.24
11/18/98,1.37
11/19/98,1.28
11/20/98,1.51
11/23/98,1.82
11/24/98,1.79
11/25/98,1.75
11/27/98,1.81
11/30/98,1.60
12/1/98,1.75
12/2/98,1.66
12/3/98,1.58
12/4/98,1.57
12/7/98,1.59
12/8/98,1.70
12/9/98,1.80
12/10/98,1.78
12/11/98,1.86
12/14/98,1.85
12/15/98,2.02
12/16/98,2.41
12/17/98,2.31
12/18/98,2.39
12/21/98,2.66
12/22/98,2.69
12/23/98,2.71
12/24/98,2.71
12/28/98,2.93
12/29/98,2.77
12/30/98,2.68
12/31/98,2.68
1/4/99,2.96
1/5/99,3.11
1/6/99,3.45
1/7/99,3.97
1/8/99,4.01
1/11/99,4.62
1/12/99,4.08
1/13/99,3.70
1/14/99,3.45
1/15/99,3.51
1/19/99,3.50
1/20/99,2.83
1/21/99,2.65
1/22/99,3.08
1/25/99,2.81
1/26/99,2.88
1/27/99,3.14
1/28/99,3.07
1/29/99,2.92
2/1/99,2.90
2/2/99,2.76
2/3/99,3.14
2/4/99,2.95
2/5/99,2.90
2/8/99,2.73
2/9/99,2.50
2/10/99,2.44
2/11/99,2.75
2/12/99,2.61
2/16/99,2.47
2/17/99,2.34
2/18/99,2.24
2/19/99,2.55
2/22/99,2.66
2/23/99,2.88
2/24/99,2.77
2/25/99,3.13
2/26/99,3.20
3/1/99,3.33
3/2/99,3.03
3/3/99,3.09
3/4/99,3.00
3/5/99,3.04
3/8/99,3.05
3/9/99,3.25
3/10/99,3.43
3/11/99,3.37
3/12/99,3.33
3/15/99,3.47
3/16/99,3.35
3/17/99,3.28
3/18/99,3.46
3/19/99,3.38
3/22/99,3.30
3/23/99,2.98
3/24/99,3.09
3/25/99,3.50
3/26/99,3.48
3/29/99,3.74
3/30/99,4.12
3/31/99,4.30
4/1/99,4.28
4/5/99,4.66
4/6/99,4.57
4/7/99,4.40
4/8/99,4.48
4/9/99,4.57
4/12/99,4.61
4/13/99,4.46
4/14/99,4.20
4/15/99,4.18
4/16/99,4.75
4/19/99,3.97
4/20/99,4.30
4/21/99,4.48
4/22/99,4.75
4/23/99,5.25
4/26/99,5.18
4/27/99,5.15
4/28/99,4.84
4/29/99,4.21
4/30/99,4.30
5/3/99,3.77
5/4/99,3.58
5/5/99,3.66
5/6/99,3.43
5/7/99,3.41
5/10/99,3.67
5/11/99,3.71
5/12/99,3.57
5/13/99,3.40
5/14/99,3.31
5/17/99,3.44
5/18/99,3.32
5/19/99,3.49
5/20/99,3.27
5/21/99,3.21
5/24/99,2.94
5/25/99,2.79
5/26/99,3.02
5/27/99,2.86
5/28/99,2.97
6/1/99,2.65
6/2/99,2.80
6/3/99,2.63
6/4/99,2.71
6/7/99,2.93
6/8/99,2.79
6/9/99,2.85
6/10/99,2.90
6/11/99,2.65
6/14/99,2.30
6/15/99,2.41
6/16/99,2.79
6/17/99,2.82
6/18/99,2.78
6/21/99,3.09
6/22/99,2.94
6/23/99,2.94
6/24/99,2.84
6/25/99,2.75
6/28/99,2.77
6/29/99,2.90
6/30/99,3.13
7/1/99,3.06
7/2/99,3.10
7/6/99,3.17
7/7/99,3.05
7/8/99,3.13
7/9/99,3.14
7/12/99,2.93
7/13/99,3.15
7/14/99,3.38
7/15/99,3.49
7/16/99,3.44
7/19/99,3.29
7/20/99,3.00
7/21/99,3.14
7/22/99,2.67
7/23/99,2.86
7/26/99,2.65
7/27/99,2.53
7/28/99,2.64
7/29/99,2.54
7/30/99,2.50
8/2/99,2.35
8/3/99,2.37
8/4/99,2.21
8/5/99,2.43
8/6/99,2.24
8/9/99,2.14
8/10/99,2.28
8/11/99,2.27
8/12/99,2.29
8/13/99,2.44
8/16/99,2.46
8/17/99,2.73
8/18/99,2.83
8/19/99,2.65
8/20/99,2.84
8/23/99,2.96
8/24/99,3.00
8/25/99,3.32
8/26/99,3.21
8/27/99,3.21
8/30/99,2.98
8/31/99,3.11
9/1/99,2.98
9/2/99,3.00
9/3/99,3.12
9/7/99,3.15
9/8/99,3.07
9/9/99,3.18
9/10/99,3.33
9/13/99,3.17
9/14/99,3.30
9/15/99,3.28
9/16/99,3.26
9/17/99,3.19
9/20/99,3.14
9/21/99,3.11
9/22/99,3.30
9/23/99,3.11
9/24/99,3.25
9/27/99,3.13
9/28/99,3.29
9/29/99,4.04
9/30/99,4.00
10/1/99,3.86
10/4/99,3.85
10/5/99,3.92
10/6/99,4.12
10/7/99,4.37
10/8/99,4.46
10/11/99,4.42
10/12/99,4.25
10/13/99,4.00
10/14/99,3.98
10/15/99,3.75
10/18/99,3.70
10/19/99,3.83
10/20/99,4.03
10/21/99,4.04
10/22/99,3.93
10/25/99,4.14
10/26/99,4.06
10/27/99,3.80
10/28/99,3.55
10/29/99,3.53
11/1/99,3.46
11/2/99,3.32
11/3/99,3.29
11/4/99,3.15
11/5/99,3.25
11/8/99,3.90
11/9/99,3.54
11/10/99,3.60
11/11/99,3.65
11/12/99,3.75
11/15/99,3.68
11/16/99,3.95
11/17/99,3.83
11/18/99,3.90
11/19/99,3.90
11/22/99,4.03
11/23/99,4.09
11/24/99,4.36
11/26/99,4.66
11/29/99,4.52
11/30/99,4.25
12/1/99,4.25
12/2/99,4.45
12/3/99,4.33
12/6/99,4.39
12/7/99,4.30
12/8/99,4.43
12/9/99,5.18
12/10/99,5.33
12/13/99,5.13
12/14/99,4.78
12/15/99,4.83
12/16/99,4.74
12/17/99,4.70
12/20/99,4.85
12/21/99,4.99
12/22/99,4.88
12/23/99,4.50
12/27/99,4.06
12/28/99,4.12
12/29/99,4.18
12/30/99,3.95
12/31/99,3.81
1/3/00,4.47
1/4/00,4.10
1/5/00,3.49
1/6/00,3.28
1/7/00,3.48
1/10/00,3.46
1/11/00,3.34
1/12/00,3.18
1/13/00,3.30
1/14/00,3.21
1/18/00,3.21
1/19/00,3.34
1/20/00,3.24
1/21/00,3.10
1/24/00,3.51
1/25/00,3.46
1/26/00,3.24
1/27/00,3.35
1/28/00,3.08
1/31/00,3.23
2/1/00,3.37
2/2/00,3.47
2/3/00,4.21
2/4/00,3.93
2/7/00,3.75
2/8/00,4.16
2/9/00,4.01
2/10/00,3.81
2/11/00,3.81
2/14/00,3.72
2/15/00,3.69
2/16/00,3.53
2/17/00,3.45
2/18/00,3.24
2/22/00,3.18
2/23/00,3.52
2/24/00,3.42
2/25/00,3.46
2/28/00,3.29
2/29/00,3.44
3/1/00,3.29
3/2/00,3.13
3/3/00,3.13
3/6/00,3.20
3/7/00,3.18
3/8/00,3.18
3/9/00,3.44
3/10/00,3.34
3/13/00,3.27
3/14/00,3.28
3/15/00,3.19
3/16/00,3.31
3/17/00,3.24
3/20/00,3.21
3/21/00,3.62
3/22/00,3.53
3/23/00,3.38
3/24/00,3.63
3/27/00,3.66
3/28/00,3.51
3/29/00,3.31
3/30/00,3.33
3/31/00,3.35
4/3/00,3.18
4/4/00,3.20
4/5/00,3.11
4/6/00,3.21
4/7/00,3.38
4/10/00,3.17
4/11/00,3.17
4/12/00,2.82
4/13/00,2.40
4/14/00,2.34
4/17/00,2.35
4/18/00,2.75
4/19/00,2.67
4/20/00,2.62
4/24/00,2.49
4/25/00,2.62
4/26/00,2.68
4/27/00,2.64
4/28/00,2.76
5/1/00,3.00
5/2/00,2.81
5/3/00,2.71
5/4/00,2.75
5/5/00,2.93
5/8/00,2.80
5/9/00,2.81
5/10/00,2.67
5/11/00,2.74
5/12/00,2.69
5/15/00,2.80
5/16/00,2.95
5/17/00,3.05
5/18/00,2.77
5/19/00,2.63
5/22/00,2.59
5/23/00,2.33
5/24/00,2.43
5/25/00,2.28
5/26/00,2.33
5/30/00,2.59
5/31/00,2.42
6/1/00,2.51
6/2/00,2.89
6/5/00,2.73
6/6/00,2.53
6/7/00,2.59
6/8/00,2.59
6/9/00,2.61
6/12/00,2.42
6/13/00,2.45
6/14/00,2.32
6/15/00,2.32
6/16/00,2.30
6/19/00,2.27
6/20/00,2.31
6/21/00,2.30
6/22/00,2.10
6/23/00,1.69
6/26/00,1.70
6/27/00,1.83
6/28/00,1.89
6/29/00,1.86
6/30/00,1.82
7/3/00,1.85
7/5/00,1.83
7/6/00,1.80
7/7/00,1.81
7/10/00,1.75
7/11/00,1.66
7/12/00,1.75
7/13/00,1.75
7/14/00,2.13
7/17/00,2.06
7/18/00,2.09
7/19/00,2.04
7/20/00,2.02
7/21/00,2.06
7/24/00,1.94
7/25/00,1.88
7/26/00,1.80
7/27/00,1.57
7/28/00,1.50
7/31/00,1.51
8/1/00,1.51
8/2/00,1.54
8/3/00,1.58
8/4/00,1.63
8/7/00,1.69
8/8/00,1.65
8/9/00,1.54
8/10/00,1.52
8/11/00,1.68
8/14/00,1.74
8/15/00,1.88
8/16/00,1.93
8/17/00,1.91
8/18/00,1.95
8/21/00,1.88
8/22/00,1.83
8/23/00,1.94
8/24/00,1.97
8/25/00,2.00
8/28/00,1.96
8/29/00,1.98
8/30/00,2.15
8/31/00,2.08
9/1/00,2.08
9/5/00,2.28
9/6/00,2.29
9/7/00,2.18
9/8/00,2.15
9/11/00,2.12
9/12/00,2.13
9/13/00,2.12
9/14/00,2.24
9/15/00,2.18
9/18/00,2.14
9/19/00,2.04
9/20/00,1.88
9/21/00,2.00
9/22/00,2.07
9/25/00,2.02
9/26/00,1.99
9/27/00,1.89
9/28/00,2.00
9/29/00,1.92
10/2/00,1.79
10/3/00,1.75
10/4/00,1.80
10/5/00,1.68
10/6/00,1.58
10/9/00,1.50
10/10/00,1.52
10/11/00,1.39
10/12/00,1.26
10/13/00,1.42
10/16/00,1.22
10/17/00,1.10
10/18/00,1.26
10/19/00,1.39
10/20/00,1.54
10/23/00,1.50
10/24/00,1.48
10/25/00,1.59
10/26/00,1.84
10/27/00,1.78
10/30/00,1.64
10/31/00,1.83
11/1/00,1.87
11/2/00,1.99
11/3/00,1.88
11/6/00,1.83
11/7/00,1.85
11/8/00,1.69
11/9/00,1.56
11/10/00,1.50
11/13/00,1.39
11/14/00,1.45
11/15/00,1.48
11/16/00,1.39
11/17/00,1.37
11/20/00,1.29
11/21/00,1.21
11/22/00,1.26
11/24/00,1.45
11/27/00,1.40
11/28/00,1.25
11/29/00,1.35
11/30/00,1.23
12/1/00,1.23
12/4/00,1.33
12/5/00,1.27
12/6/00,1.18
12/7/00,1.07
12/8/00,1.17
12/11/00,1.27
12/12/00,1.29
12/13/00,1.19
12/14/00,1.13
12/15/00,1.14
12/18/00,0.99
12/19/00,0.91
12/20/00,0.83
12/21/00,0.76
12/22/00,0.78
12/26/00,0.85
12/27/00,0.84
12/28/00,0.87
12/29/00,0.78
1/2/01,0.69
1/3/01,0.88
1/4/01,0.78
1/5/01,0.73
1/8/01,0.75
1/9/01,0.82
1/10/01,0.83
1/11/01,0.85
1/12/01,0.88
1/16/01,0.90
1/17/01,0.92
1/18/01,0.98
1/19/01,1.00
1/22/01,0.93
1/23/01,0.95
1/24/01,1.09
1/25/01,0.95
1/26/01,0.98
1/29/01,1.01
1/30/01,0.95
1/31/01,0.87
2/1/01,0.81
2/2/01,0.72
2/5/01,0.72
2/6/01,0.79
2/7/01,0.75
2/8/01,0.72
2/9/01,0.67
2/12/01,0.73
2/13/01,0.69
2/14/01,0.72
2/15/01,0.73
2/16/01,0.68
2/20/01,0.63
2/21/01,0.60
2/22/01,0.60
2/23/01,0.59
2/26/01,0.60
2/27/01,0.59
2/28/01,0.51
3/1/01,0.52
3/2/01,0.50
3/5/01,0.63
3/6/01,0.59
3/7/01,0.61
3/8/01,0.58
3/9/01,0.61
3/12/01,0.53
3/13/01,0.55
3/14/01,0.53
3/15/01,0.54
3/16/01,0.55
3/19/01,0.53
3/20/01,0.51
3/21/01,0.50
3/22/01,0.51
3/23/01,0.51
3/26/01,0.55
3/27/01,0.58
3/28/01,0.54
3/29/01,0.50
3/30/01,0.51
4/2/01,0.46
4/3/01,0.43
4/4/01,0.42
4/5/01,0.46
4/6/01,0.42
4/9/01,0.56
4/10/01,0.60
4/11/01,0.67
4/12/01,0.73
4/16/01,0.70
4/17/01,0.74
4/18/01,0.83
4/19/01,0.80
4/20/01,0.79
4/23/01,0.81
4/24/01,0.78
4/25/01,0.80
4/26/01,0.77
4/27/01,0.76
4/30/01,0.79
5/1/01,0.84
5/2/01,0.86
5/3/01,0.84
5/4/01,0.88
5/7/01,0.85
5/8/01,0.81
5/9/01,0.75
5/10/01,0.73
5/11/01,0.73
5/14/01,0.67
5/15/01,0.68
5/16/01,0.71
5/17/01,0.74
5/18/01,0.74
5/21/01,0.82
5/22/01,0.81
5/23/01,0.78
5/24/01,0.84
5/25/01,0.85
5/29/01,0.86
5/30/01,0.78
5/31/01,0.83
6/1/01,0.85
6/4/01,0.85
6/5/01,0.82
6/6/01,0.80
6/7/01,0.81
6/8/01,0.79
6/11/01,0.74
6/12/01,0.73
6/13/01,0.71
6/14/01,0.66
6/15/01,0.62
6/18/01,0.59
6/19/01,0.57
6/20/01,0.63
6/21/01,0.65
6/22/01,0.62
6/25/01,0.64
6/26/01,0.66
6/27/01,0.70
6/28/01,0.72
6/29/01,0.71
7/2/01,0.73
7/3/01,0.71
7/5/01,0.76
7/6/01,0.76
7/9/01,0.79
7/10/01,0.78
7/11/01,0.77
7/12/01,0.82
7/13/01,0.85
7/16/01,0.80
7/17/01,0.82
7/18/01,0.80
7/19/01,0.82
7/20/01,0.85
7/23/01,0.80
7/24/01,0.60
7/25/01,0.58
7/26/01,0.62
7/27/01,0.61
7/30/01,0.63
7/31/01,0.62
8/1/01,0.63
8/2/01,0.61
8/3/01,0.61
8/6/01,0.60
8/7/01,0.58
8/8/01,0.56
8/9/01,0.52
8/10/01,0.50
8/13/01,0.51
8/14/01,0.53
8/15/01,0.50
8/16/01,0.49
8/17/01,0.50
8/20/01,0.52
8/21/01,0.49
8/22/01,0.51
8/23/01,0.48
8/24/01,0.51
8/27/01,0.51
8/28/01,0.50
8/29/01,0.46
8/30/01,0.43
8/31/01,0.45
9/4/01,0.43
9/5/01,0.38
9/6/01,0.41
9/7/01,0.43
9/10/01,0.43
9/17/01,0.37
9/18/01,0.36
9/19/01,0.37
9/20/01,0.37
9/21/01,0.37
9/24/01,0.37
9/25/01,0.35
9/26/01,0.32
9/27/01,0.31
9/28/01,0.30
10/1/01,0.30
10/2/01,0.30
10/3/01,0.34
10/4/01,0.35
10/5/01,0.36
10/8/01,0.36
10/9/01,0.35
10/10/01,0.36
10/11/01,0.39
10/12/01,0.40
10/15/01,0.44
10/16/01,0.48
10/17/01,0.45
10/18/01,0.42
10/19/01,0.40
10/22/01,0.44
10/23/01,0.48
10/24/01,0.38
10/25/01,0.39
10/26/01,0.38
10/29/01,0.35
10/30/01,0.32
10/31/01,0.35
11/1/01,0.35
11/2/01,0.34
11/5/01,0.35
11/6/01,0.35
11/7/01,0.37
11/8/01,0.35
11/9/01,0.36
11/12/01,0.35
11/13/01,0.36
11/14/01,0.47
11/15/01,0.45
11/16/01,0.45
11/19/01,0.46
11/20/01,0.43
11/21/01,0.44
11/23/01,0.45
11/26/01,0.61
11/27/01,0.57
11/28/01,0.58
11/29/01,0.56
11/30/01,0.57
12/3/01,0.52
12/4/01,0.60
12/5/01,0.59
12/6/01,0.61
12/7/01,0.59
12/10/01,0.58
12/11/01,0.61
12/12/01,0.60
12/13/01,0.54
12/14/01,0.55
12/17/01,0.54
12/18/01,0.54
12/19/01,0.54
12/20/01,0.51
12/21/01,0.50
12/24/01,0.49
12/26/01,0.56
12/27/01,0.53
12/28/01,0.55
12/31/01,0.54
1/2/02,0.55
1/3/02,0.60
1/4/02,0.61
1/7/02,0.62
1/8/02,0.59
1/9/02,0.58
1/10/02,0.55
1/11/02,0.55
1/14/02,0.51
1/15/02,0.51
1/16/02,0.46
1/17/02,0.49
1/18/02,0.51
1/22/02,0.63
1/23/02,0.62
1/24/02,0.70
1/25/02,0.72
1/28/02,0.78
1/29/02,0.71
1/30/02,0.70
1/31/02,0.71
2/1/02,0.69
2/4/02,0.63
2/5/02,0.58
2/6/02,0.56
2/7/02,0.56
2/8/02,0.63
2/11/02,0.67
2/12/02,0.65
2/13/02,0.66
2/14/02,0.69
2/15/02,0.67
2/19/02,0.65
2/20/02,0.65
2/21/02,0.66
2/22/02,0.65
2/25/02,0.69
2/26/02,0.72
2/27/02,0.71
2/28/02,0.71
3/1/02,0.77
3/4/02,0.82
3/5/02,0.80
3/6/02,0.82
3/7/02,0.78
3/8/02,0.82
3/11/02,0.84
3/12/02,0.82
3/13/02,0.79
3/14/02,0.72
3/15/02,0.70
3/18/02,0.75
3/19/02,0.73
3/20/02,0.73
3/21/02,0.76
3/22/02,0.78
3/25/02,0.74
3/26/02,0.74
3/27/02,0.71
3/28/02,0.72
4/1/02,0.74
4/2/02,0.71
4/3/02,0.68
4/4/02,0.68
4/5/02,0.68
4/8/02,0.70
4/9/02,0.68
4/10/02,0.67
4/11/02,0.64
4/12/02,0.67
4/15/02,0.69
4/16/02,0.70
4/17/02,0.74
4/18/02,0.71
4/19/02,0.73
4/22/02,0.72
4/23/02,0.70
4/24/02,0.84
4/25/02,0.84
4/26/02,0.85
4/29/02,0.81
4/30/02,0.83
5/1/02,0.82
5/2/02,0.82
5/3/02,0.80
5/6/02,0.81
5/7/02,0.81
5/8/02,0.87
5/9/02,0.89
5/10/02,0.85
5/13/02,0.87
5/14/02,0.94
5/15/02,1.00
5/16/02,0.98
5/17/02,0.96
5/20/02,0.97
5/21/02,0.94
5/22/02,0.94
5/23/02,0.97
5/24/02,0.97
5/28/02,0.95
5/29/02,0.95
5/30/02,0.92
5/31/02,0.91
6/3/02,0.90
6/4/02,0.90
6/5/02,0.90
6/6/02,0.91
6/7/02,0.93
6/10/02,0.87
6/11/02,0.86
6/12/02,0.85
6/13/02,0.87
6/14/02,0.84
6/17/02,0.92
6/18/02,0.94
6/19/02,0.92
6/20/02,0.88
6/21/02,0.88
6/24/02,0.88
6/25/02,0.77
6/26/02,0.79
6/27/02,0.79
6/28/02,0.81
7/1/02,0.68
7/2/02,0.67
7/3/02,0.71
7/5/02,0.76
7/8/02,0.75
7/9/02,0.78
7/10/02,0.75
7/11/02,0.78
7/12/02,0.77
7/15/02,0.80
7/16/02,0.81
7/17/02,0.81
7/18/02,0.78
7/19/02,0.76
7/22/02,0.78
7/23/02,0.73
7/24/02,0.71
7/25/02,0.62
7/26/02,0.65
7/29/02,0.72
7/30/02,0.74
7/31/02,0.72
8/1/02,0.71
8/2/02,0.69
8/5/02,0.64
8/6/02,0.69
8/7/02,0.68
8/8/02,0.70
8/9/02,0.71
8/12/02,0.72
8/13/02,0.70
8/14/02,0.70
8/15/02,0.73
8/16/02,0.75
8/19/02,0.78
8/20/02,0.80
8/21/02,0.77
8/22/02,0.79
8/23/02,0.76
8/26/02,0.75
8/27/02,0.73
8/28/02,0.73
8/29/02,0.76
8/30/02,0.75
9/3/02,0.73
9/4/02,0.74
9/5/02,0.71
9/6/02,0.77
9/9/02,0.83
9/10/02,0.86
9/11/02,0.86
9/12/02,0.84
9/13/02,0.83
9/16/02,0.84
9/17/02,0.87
9/18/02,0.89
9/19/02,0.86
9/20/02,0.79
9/23/02,0.80
9/24/02,0.80
9/25/02,0.79
9/26/02,0.86
9/27/02,0.85
9/30/02,0.80
10/1/02,0.85
10/2/02,0.85
10/3/02,0.84
10/4/02,0.83
10/7/02,0.83
10/8/02,0.85
10/9/02,0.84
10/10/02,0.90
10/11/02,0.92
10/14/02,0.96
10/15/02,0.95
10/16/02,0.97
10/17/02,0.94
10/18/02,0.95
10/21/02,0.96
10/22/02,0.97
10/23/02,0.99
10/24/02,0.99
10/25/02,0.97
10/28/02,0.93
10/29/02,0.93
10/30/02,0.95
10/31/02,0.97
11/1/02,0.99
11/4/02,0.94
11/5/02,0.94
11/6/02,0.97
11/7/02,0.96
11/8/02,0.98
11/11/02,0.95
11/12/02,0.99
11/13/02,1.02
11/14/02,1.06
11/15/02,1.11
11/18/02,1.12
11/19/02,1.06
11/20/02,1.15
11/21/02,1.17
11/22/02,1.20
11/25/02,1.21
11/26/02,1.17
11/27/02,1.20
11/29/02,1.17
12/2/02,1.21
12/3/02,1.19
12/4/02,1.17
12/5/02,1.13
12/6/02,1.13
12/9/02,1.08
12/10/02,1.09
12/11/02,1.11
12/12/02,1.12
12/13/02,1.11
12/16/02,1.13
12/17/02,1.12
12/18/02,1.11
12/19/02,1.08
12/20/02,1.10
12/23/02,1.11
12/24/02,1.09
12/26/02,1.02
12/27/02,0.94
12/30/02,0.96
12/31/02,0.94
1/2/03,0.98
1/3/03,1.03
1/6/03,1.04
1/7/03,1.08
1/8/03,1.05
1/9/03,1.07
1/10/03,1.07
1/13/03,1.10
1/14/03,1.14
1/15/03,1.11
1/16/03,1.09
1/17/03,1.07
1/21/03,1.05
1/22/03,1.06
1/23/03,1.09
1/24/03,1.11
1/27/03,1.09
1/28/03,1.08
1/29/03,1.10
1/30/03,1.09
1/31/03,1.09
2/3/03,1.11
2/4/03,1.10
2/5/03,1.11
2/6/03,1.10
2/7/03,1.07
2/10/03,1.07
2/11/03,1.04
2/12/03,1.06
2/13/03,1.00
2/14/03,1.00
2/18/03,1.07
2/19/03,1.06
2/20/03,1.07
2/21/03,1.09
2/24/03,1.09
2/25/03,1.09
2/26/03,1.08
2/27/03,1.08
2/28/03,1.10
3/3/03,1.09
3/4/03,1.11
3/5/03,1.12
3/6/03,1.13
3/7/03,1.15
3/10/03,1.14
3/11/03,1.14
3/12/03,1.17
3/13/03,1.22
3/14/03,1.24
3/17/03,1.33
3/18/03,1.34
3/19/03,1.33
3/20/03,1.37
3/21/03,1.40
3/24/03,1.31
3/25/03,1.35
3/26/03,1.39
3/27/03,1.39
3/28/03,1.36
3/31/03,1.30
4/1/03,1.28
4/2/03,1.32
4/3/03,1.33
4/4/03,1.31
4/7/03,1.34
4/8/03,1.33
4/9/03,1.25
4/10/03,1.28
4/11/03,1.29
4/14/03,1.25
4/15/03,1.26
4/16/03,1.22
4/17/03,1.25
4/21/03,1.26
4/22/03,1.28
4/23/03,1.27
4/24/03,1.26
4/25/03,1.45
4/28/03,1.46
4/29/03,1.44
4/30/03,1.43
5/1/03,1.43
5/2/03,1.47
5/5/03,1.50
5/6/03,1.54
5/7/03,1.54
5/8/03,1.52
5/9/03,1.55
5/12/03,1.59
5/13/03,1.65
5/14/03,1.63
5/15/03,1.63
5/16/03,1.65
5/19/03,1.58
5/20/03,1.57
5/21/03,1.59
5/22/03,1.65
5/23/03,1.64
5/27/03,1.74
5/28/03,1.74
5/29/03,1.78
5/30/03,1.79
6/2/03,1.77
6/3/03,1.76
6/4/03,1.77
6/5/03,1.78
6/6/03,1.67
6/9/03,1.68
6/10/03,1.70
6/11/03,1.73
6/12/03,1.76
6/13/03,1.71
6/16/03,1.79
6/17/03,1.79
6/18/03,1.79
6/19/03,1.78
6/20/03,1.75
6/23/03,1.78
6/24/03,1.77
6/25/03,1.77
6/26/03,1.84
6/27/03,1.82
6/30/03,1.82
7/1/03,1.86
7/2/03,1.89
7/3/03,1.90
7/7/03,1.95
7/8/03,2.03
7/9/03,2.03
7/10/03,1.91
7/11/03,1.88
7/14/03,1.96
7/15/03,1.92
7/16/03,1.88
7/17/03,1.82
7/18/03,1.75
7/21/03,1.77
7/22/03,1.74
7/23/03,2.01
7/24/03,2.07
7/25/03,2.08
7/28/03,2.10
7/29/03,2.07
7/30/03,2.03
7/31/03,2.08
8/1/03,2.00
8/4/03,1.98
8/5/03,1.93
8/6/03,1.95
8/7/03,1.95
8/8/03,1.96
8/11/03,1.95
8/12/03,1.99
8/13/03,2.01
8/14/03,2.02
8/15/03,2.01
8/18/03,2.15
8/19/03,2.18
8/20/03,2.19
8/21/03,2.29
8/22/03,2.26
8/25/03,2.29
8/26/03,2.30
8/27/03,2.29
8/28/03,2.30
8/29/03,2.32
9/2/03,2.37
9/3/03,2.31
9/4/03,2.36
9/5/03,2.33
9/8/03,2.36
9/9/03,2.33
9/10/03,2.31
9/11/03,2.26
9/12/03,2.28
9/15/03,2.28
9/16/03,2.31
9/17/03,2.31
9/18/03,2.39
9/19/03,2.38
9/22/03,2.37
9/23/03,2.52
9/24/03,2.48
9/25/03,2.50
9/26/03,2.43
9/29/03,2.49
9/30/03,2.42
10/1/03,2.46
10/2/03,2.50
10/3/03,2.64
10/6/03,2.71
10/7/03,2.75
10/8/03,2.79
10/9/03,2.89
10/10/03,2.90
10/13/03,2.92
10/14/03,3.00
10/15/03,2.93
10/16/03,3.00
10/17/03,2.98
10/20/03,2.98
10/21/03,2.97
10/22/03,2.70
10/23/03,2.72
10/24/03,2.73
10/27/03,2.74
10/28/03,2.84
10/29/03,2.83
10/30/03,2.79
10/31/03,2.72
11/3/03,2.84
11/4/03,2.84
11/5/03,2.84
11/6/03,2.75
11/7/03,2.72
11/10/03,2.60
11/11/03,2.61
11/12/03,2.71
11/13/03,2.74
11/14/03,2.62
11/17/03,2.52
11/18/03,2.43
11/19/03,2.48
11/20/03,2.44
11/21/03,2.43
11/24/03,2.57
11/25/03,2.62
11/26/03,2.65
11/28/03,2.70
12/1/03,2.73
12/2/03,2.70
12/3/03,2.58
12/4/03,2.59
12/5/03,2.58
12/8/03,2.55
12/9/03,2.47
12/10/03,2.46
12/11/03,2.54
12/12/03,2.55
12/15/03,2.52
12/16/03,2.48
12/17/03,2.38
12/18/03,2.44
12/19/03,2.46
12/22/03,2.49
12/23/03,2.62
12/24/03,2.67
12/26/03,2.67
12/29/03,2.67
12/30/03,2.64
12/31/03,2.63
1/2/04,2.60
1/5/04,2.66
1/6/04,2.65
1/7/04,2.60
1/8/04,2.51
1/9/04,2.58
1/12/04,2.65
1/13/04,2.75
1/14/04,2.79
1/15/04,2.81
1/16/04,2.79
1/20/04,2.83
1/21/04,2.81
1/22/04,2.86
1/23/04,2.86
1/26/04,2.85
1/27/04,2.79
1/28/04,2.60
1/29/04,2.46
1/30/04,2.52
2/2/04,2.41
2/3/04,2.25
2/4/04,2.27
2/5/04,2.30
2/6/04,2.32
2/9/04,2.29
2/10/04,2.28
2/11/04,2.36
2/12/04,2.35
2/13/04,2.32
2/17/04,2.28
2/18/04,2.24
2/19/04,2.23
2/20/04,2.26
2/23/04,2.20
2/24/04,2.12
2/25/04,2.15
2/26/04,2.18
2/27/04,2.15
3/1/04,2.15
3/2/04,2.10
3/3/04,2.16
3/4/04,2.22
3/5/04,2.20
3/8/04,2.18
3/9/04,2.14
3/10/04,2.08
3/11/04,2.06
3/12/04,2.12
3/15/04,2.05
3/16/04,2.11
3/17/04,2.14
3/18/04,2.15
3/19/04,2.14
3/22/04,2.04
3/23/04,2.01
3/24/04,1.98
3/25/04,2.10
3/26/04,2.09
3/29/04,2.14
3/30/04,2.19
3/31/04,2.16
4/1/04,2.24
4/2/04,2.30
4/5/04,2.35
4/6/04,2.32
4/7/04,2.29
4/8/04,2.41
4/12/04,2.40
4/13/04,2.33
4/14/04,2.34
4/15/04,2.35
4/16/04,2.28
4/19/04,2.36
4/20/04,2.26
4/21/04,2.29
4/22/04,2.44
4/23/04,2.31
4/26/04,2.36
4/27/04,2.40
4/28/04,2.35
4/29/04,2.31
4/30/04,2.18
5/3/04,2.22
5/4/04,2.20
5/5/04,2.21
5/6/04,2.16
5/7/04,2.10
5/10/04,2.06
5/11/04,2.14
5/12/04,2.15
5/13/04,2.18
5/14/04,2.15
5/17/04,2.10
5/18/04,2.10
5/19/04,2.08
5/20/04,2.05
5/21/04,2.06
5/24/04,2.08
5/25/04,2.18
5/26/04,2.23
5/27/04,2.38
5/28/04,2.43
6/1/04,2.51
6/2/04,2.52
6/3/04,2.47
6/4/04,2.55
6/7/04,2.59
6/8/04,2.60
6/9/04,2.51
6/10/04,2.50
6/14/04,2.46
6/15/04,2.51
6/16/04,2.53
6/17/04,2.49
6/18/04,2.48
6/21/04,2.49
6/22/04,2.45
6/23/04,2.54
6/24/04,2.55
6/25/04,2.59
6/28/04,2.67
6/29/04,2.69
6/30/04,2.72
7/1/04,2.63
7/2/04,2.63
7/6/04,2.56
7/7/04,2.55
7/8/04,2.48
7/9/04,2.42
7/12/04,2.45
7/13/04,2.48
7/14/04,2.48
7/15/04,2.43
7/16/04,2.36
7/19/04,2.30
7/20/04,2.35
7/21/04,2.24
7/22/04,2.29
7/23/04,2.00
7/26/04,1.94
7/27/04,1.96
7/28/04,1.90
7/29/04,1.93
7/30/04,1.95
8/2/04,1.92
8/3/04,1.88
8/4/04,1.86
8/5/04,1.78
8/6/04,1.77
8/9/04,1.77
8/10/04,1.86
8/11/04,1.83
8/12/04,1.81
8/13/04,1.81
8/16/04,1.90
8/17/04,1.91
8/18/04,1.97
8/19/04,1.93
8/20/04,1.98
8/23/04,1.97
8/24/04,1.95
8/25/04,2.02
8/26/04,2.01
8/27/04,2.00
8/30/04,1.92
8/31/04,1.91
9/1/04,1.91
9/2/04,1.96
9/3/04,1.94
9/7/04,1.93
9/8/04,1.90
9/9/04,1.90
9/10/04,1.93
9/13/04,2.00
9/14/04,2.13
9/15/04,2.11
9/16/04,2.13
9/17/04,2.15
9/20/04,2.16
9/21/04,2.16
9/22/04,2.07
9/23/04,2.09
9/24/04,2.05
9/27/04,2.00
9/28/04,1.97
9/29/04,2.04
9/30/04,2.04
10/1/04,2.02
10/4/04,2.05
10/5/04,2.05
10/6/04,2.07
10/7/04,2.06
10/8/04,2.00
10/11/04,2.01
10/12/04,2.01
10/13/04,2.00
10/14/04,1.96
10/15/04,1.93
10/18/04,1.96
10/19/04,1.92
10/20/04,1.92
10/21/04,1.97
10/22/04,1.73
10/25/04,1.70
10/26/04,1.69
10/27/04,1.71
10/28/04,1.72
10/29/04,1.71
11/1/04,1.76
11/2/04,1.81
11/3/04,1.80
11/4/04,1.85
11/5/04,1.83
11/8/04,1.87
11/9/04,1.87
11/10/04,1.90
11/11/04,1.94
11/12/04,2.02
11/15/04,2.04
11/16/04,2.00
11/17/04,2.00
11/18/04,2.02
11/19/04,1.93
11/22/04,1.90
11/23/04,1.92
11/24/04,1.94
11/26/04,1.95
11/29/04,1.95
11/30/04,1.98
12/1/04,2.00
12/2/04,2.01
12/3/04,2.00
12/6/04,1.97
12/7/04,1.91
12/8/04,1.94
12/9/04,1.99
12/10/04,1.95
12/13/04,1.99
12/14/04,2.02
12/15/04,2.05
12/16/04,2.00
12/17/04,2.00
12/20/04,1.95
12/21/04,1.97
12/22/04,1.98
12/23/04,1.95
12/27/04,2.11
12/28/04,2.23
12/29/04,2.24
12/30/04,2.25
12/31/04,2.21
1/3/05,2.23
1/4/05,2.11
1/5/05,2.09
1/6/05,2.05
1/7/05,2.12
1/10/05,2.09
1/11/05,2.08
1/12/05,2.12
1/13/05,2.13
1/14/05,2.23
1/18/05,2.23
1/19/05,2.20
1/20/05,2.12
1/21/05,2.06
1/24/05,2.02
1/25/05,2.05
1/26/05,2.07
1/27/05,2.12
1/28/05,2.11
1/31/05,2.16
2/1/05,2.12
2/2/05,2.09
2/3/05,1.79
2/4/05,1.79
2/7/05,1.78
2/8/05,1.82
2/9/05,1.79
2/10/05,1.79
2/11/05,1.79
2/14/05,1.80
2/15/05,1.81
2/16/05,1.78
2/17/05,1.78
2/18/05,1.77
2/22/05,1.74
2/23/05,1.71
2/24/05,1.73
2/25/05,1.75
2/28/05,1.76
3/1/05,1.77
3/2/05,1.78
3/3/05,1.78
3/4/05,1.79
3/7/05,1.82
3/8/05,1.79
3/9/05,1.77
3/10/05,1.75
3/11/05,1.74
3/14/05,1.73
3/15/05,1.71
3/16/05,1.69
3/17/05,1.70
3/18/05,1.71
3/21/05,1.68
3/22/05,1.66
3/23/05,1.66
3/24/05,1.64
3/28/05,1.67
3/29/05,1.67
3/30/05,1.72
3/31/05,1.71
4/1/05,1.70
4/4/05,1.75
4/5/05,1.76
4/6/05,1.74
4/7/05,1.75
4/8/05,1.73
4/11/05,1.73
4/12/05,1.73
4/13/05,1.72
4/14/05,1.70
4/15/05,1.65
4/18/05,1.65
4/19/05,1.64
4/20/05,1.66
4/21/05,1.69
4/22/05,1.65
4/25/05,1.68
4/26/05,1.64
4/27/05,1.59
4/28/05,1.63
4/29/05,1.62
5/2/05,1.66
5/3/05,1.66
5/4/05,1.70
5/5/05,1.70
5/6/05,1.73
5/9/05,1.73
5/10/05,1.71
5/11/05,1.69
5/12/05,1.69
5/13/05,1.70
5/16/05,1.73
5/17/05,1.74
5/18/05,1.77
5/19/05,1.78
5/20/05,1.78
5/23/05,1.78
5/24/05,1.78
5/25/05,1.76
5/26/05,1.77
5/27/05,1.78
5/31/05,1.78
6/1/05,1.83
6/2/05,1.82
6/3/05,1.78
6/6/05,1.79
6/7/05,1.77
6/8/05,1.74
6/9/05,1.76
6/10/05,1.75
6/13/05,1.74
6/14/05,1.75
6/15/05,1.76
6/16/05,1.78
6/17/05,1.77
6/20/05,1.78
6/21/05,1.77
6/22/05,1.76
6/23/05,1.77
6/24/05,1.75
6/27/05,1.73
6/28/05,1.69
6/29/05,1.67
6/30/05,1.65
7/1/05,1.65
7/5/05,1.70
7/6/05,1.70
7/7/05,1.70
7/8/05,1.74
7/11/05,1.78
7/12/05,1.82
7/13/05,1.83
7/14/05,1.86
7/15/05,1.86
7/18/05,1.86
7/19/05,1.91
7/20/05,1.91
7/21/05,1.90
7/22/05,1.90
7/25/05,1.90
7/26/05,1.89
7/27/05,2.18
7/28/05,2.28
7/29/05,2.26
8/1/05,2.25
8/2/05,2.33
8/3/05,2.31
8/4/05,2.27
8/5/05,2.26
8/8/05,2.28
8/9/05,2.30
8/10/05,2.24
8/11/05,2.26
8/12/05,2.21
8/15/05,2.25
8/16/05,2.21
8/17/05,2.21
8/18/05,2.19
8/19/05,2.19
8/22/05,2.19
8/23/05,2.17
8/24/05,2.12
8/25/05,2.12
8/26/05,2.12
8/29/05,2.14
8/30/05,2.12
8/31/05,2.14
9/1/05,2.09
9/2/05,2.08
9/6/05,2.18
9/7/05,2.19
9/8/05,2.15
9/9/05,2.15
9/12/05,2.23
9/13/05,2.20
9/14/05,2.16
9/15/05,2.14
9/16/05,2.14
9/19/05,2.14
9/20/05,2.09
9/21/05,2.06
9/22/05,2.10
9/23/05,2.11
9/26/05,2.17
9/27/05,2.16
9/28/05,2.17
9/29/05,2.24
9/30/05,2.27
10/3/05,2.30
10/4/05,2.25
10/5/05,2.22
10/6/05,2.20
10/7/05,2.19
10/10/05,2.19
10/11/05,2.17
10/12/05,2.13
10/13/05,2.13
10/14/05,2.19
10/17/05,2.25
10/18/05,2.23
10/19/05,2.29
10/20/05,2.25
10/21/05,2.30
10/24/05,2.35
10/25/05,2.31
10/26/05,1.99
10/27/05,1.95
10/28/05,1.95
10/31/05,1.99
11/1/05,2.02
11/2/05,2.04
11/3/05,2.08
11/4/05,2.05
11/7/05,2.07
11/8/05,2.10
11/9/05,2.07
11/10/05,2.11
11/11/05,2.13
11/14/05,2.13
11/15/05,2.22
11/16/05,2.27
11/17/05,2.34
11/18/05,2.40
11/21/05,2.40
11/22/05,2.44
11/23/05,2.41
11/25/05,2.40
11/28/05,2.42
11/29/05,2.43
11/30/05,2.42
12/1/05,2.45
12/2/05,2.45
12/5/05,2.44
12/6/05,2.46
12/7/05,2.44
12/8/05,2.42
12/9/05,2.44
12/12/05,2.45
12/13/05,2.48
12/14/05,2.47
12/15/05,2.47
12/16/05,2.46
12/19/05,2.42
12/20/05,2.41
12/21/05,2.45
12/22/05,2.46
12/23/05,2.46
12/27/05,2.43
12/28/05,2.40
12/29/05,2.40
12/30/05,2.36
1/3/06,2.38
1/4/06,2.36
1/5/06,2.38
1/6/06,2.39
1/9/06,2.35
1/10/06,2.28
1/11/06,2.25
1/12/06,2.22
1/13/06,2.22
1/17/06,2.20
1/18/06,2.22
1/19/06,2.22
1/20/06,2.20
1/23/06,2.19
1/24/06,2.20
1/25/06,2.18
1/26/06,2.23
1/27/06,2.26
1/30/06,2.25
1/31/06,2.24
2/1/06,2.20
2/2/06,2.14
2/3/06,1.92
2/6/06,1.90
2/7/06,1.88
2/8/06,1.91
2/9/06,1.90
2/10/06,1.93
2/13/06,1.89
2/14/06,1.91
2/15/06,1.96
2/16/06,1.96
2/17/06,1.96
2/21/06,1.91
2/22/06,1.94
2/23/06,1.90
2/24/06,1.92
2/27/06,1.90
2/28/06,1.87
3/1/06,1.86
3/2/06,1.84
3/3/06,1.86
3/6/06,1.84
3/7/06,1.85
3/8/06,1.84
3/9/06,1.81
3/10/06,1.81
3/13/06,1.81
3/14/06,1.85
3/15/06,1.84
3/16/06,1.84
3/17/06,1.80
3/20/06,1.81
3/21/06,1.80
3/22/06,1.80
3/23/06,1.78
3/24/06,1.77
3/27/06,1.76
3/28/06,1.78
3/29/06,1.82
3/30/06,1.83
3/31/06,1.83
4/3/06,1.81
4/4/06,1.84
4/5/06,1.87
4/6/06,1.93
4/7/06,1.85
4/10/06,1.83
4/11/06,1.80
4/12/06,1.81
4/13/06,1.83
4/17/06,1.76
4/18/06,1.81
4/19/06,1.84
4/20/06,1.82
4/21/06,1.80
4/24/06,1.79
4/25/06,1.78
4/26/06,1.79
4/27/06,1.79
4/28/06,1.76
5/1/06,1.73
5/2/06,1.72
5/3/06,1.70
5/4/06,1.72
5/5/06,1.75
5/8/06,1.73
5/9/06,1.74
5/10/06,1.71
5/11/06,1.68
5/12/06,1.64
5/15/06,1.64
5/16/06,1.64
5/17/06,1.58
5/18/06,1.63
5/19/06,1.70
5/22/06,1.74
5/23/06,1.69
5/24/06,1.76
5/25/06,1.78
5/26/06,1.80
5/30/06,1.73
5/31/06,1.73
6/1/06,1.75
6/2/06,1.74
6/5/06,1.67
6/6/06,1.67
6/7/06,1.69
6/8/06,1.68
6/9/06,1.69
6/12/06,1.68
6/13/06,1.67
6/14/06,1.68
6/15/06,1.75
6/16/06,1.75
6/19/06,1.75
6/20/06,1.77
6/21/06,1.83
6/22/06,1.82
6/23/06,1.83
6/26/06,1.84
6/27/06,1.82
6/28/06,1.84
6/29/06,1.93
6/30/06,1.93
7/3/06,1.93
7/5/06,1.86
7/6/06,1.84
7/7/06,1.81
7/10/06,1.79
7/11/06,1.78
7/12/06,1.73
7/13/06,1.69
7/14/06,1.65
7/17/06,1.68
7/18/06,1.67
7/19/06,1.72
7/20/06,1.71
7/21/06,1.66
7/24/06,1.72
7/25/06,1.68
7/26/06,1.31
7/27/06,1.33
7/28/06,1.36
7/31/06,1.34
8/1/06,1.32
8/2/06,1.30
8/3/06,1.33
8/4/06,1.36
8/7/06,1.34
8/8/06,1.32
8/9/06,1.31
8/10/06,1.32
8/11/06,1.30
8/14/06,1.33
8/15/06,1.39
8/16/06,1.40
8/17/06,1.45
8/18/06,1.46
8/21/06,1.41
8/22/06,1.42
8/23/06,1.41
8/24/06,1.40
8/25/06,1.40
8/28/06,1.45
8/29/06,1.48
8/30/06,1.53
8/31/06,1.54
9/1/06,1.59
9/5/06,1.61
9/6/06,1.54
9/7/06,1.49
9/8/06,1.53
9/11/06,1.54
9/12/06,1.59
9/13/06,1.58
9/14/06,1.58
9/15/06,1.63
9/18/06,1.60
9/19/06,1.58
9/20/06,1.61
9/21/06,1.51
9/22/06,1.54
9/25/06,1.59
9/26/06,1.63
9/27/06,1.62
9/28/06,1.59
9/29/06,1.61
10/2/06,1.54
10/3/06,1.59
10/4/06,1.64
10/5/06,1.67
10/6/06,1.63
10/9/06,1.67
10/10/06,1.63
10/11/06,1.65
10/12/06,1.68
10/13/06,1.67
10/16/06,1.63
10/17/06,1.62
10/18/06,1.62
10/19/06,1.63
10/20/06,1.63
10/23/06,1.64
10/24/06,1.68
10/25/06,1.88
10/26/06,1.92
10/27/06,1.91
10/30/06,1.91
10/31/06,1.90
11/1/06,1.88
11/2/06,1.87
11/3/06,1.87
11/6/06,1.91
11/7/06,1.94
11/8/06,1.97
11/9/06,1.94
11/10/06,1.96
11/13/06,2.00
11/14/06,2.08
11/15/06,2.13
11/16/06,2.14
11/17/06,2.13
11/20/06,2.12
11/21/06,2.13
11/22/06,2.15
11/24/06,2.12
11/27/06,2.04
11/28/06,2.05
11/29/06,2.03
11/30/06,2.02
12/1/06,1.97
12/4/06,1.96
12/5/06,1.95
12/6/06,1.95
12/7/06,1.91
12/8/06,1.92
12/11/06,1.93
12/12/06,1.92
12/13/06,1.93
12/14/06,1.95
12/15/06,2.00
12/18/06,1.96
12/19/06,1.97
12/20/06,2.00
12/21/06,1.99
12/22/06,2.01
12/26/06,1.99
12/27/06,2.01
12/28/06,2.01
12/29/06,1.97
1/3/07,1.94
1/4/07,1.95
1/5/07,1.92
1/8/07,1.88
1/9/07,1.89
1/10/07,1.86
1/11/07,1.87
1/12/07,1.91
1/16/07,1.93
1/17/07,1.89
1/18/07,1.85
1/19/07,1.85
1/22/07,1.85
1/23/07,1.82
1/24/07,1.86
1/25/07,1.85
1/26/07,1.84
1/29/07,1.87
1/30/07,1.85
1/31/07,1.88
2/1/07,1.94
2/2/07,1.87
2/5/07,1.86
2/6/07,1.91
2/7/07,1.95
2/8/07,1.96
2/9/07,1.94
2/12/07,1.94
2/13/07,1.97
2/14/07,2.01
2/15/07,2.00
2/16/07,2.02
2/20/07,2.08
2/21/07,2.06
2/22/07,2.05
2/23/07,2.04
2/26/07,2.04
2/27/07,1.94
2/28/07,1.96
3/1/07,1.94
3/2/07,1.88
3/5/07,1.85
3/6/07,1.93
3/7/07,1.92
3/8/07,1.91
3/9/07,1.94
3/12/07,1.94
3/13/07,1.89
3/14/07,1.90
3/15/07,1.89
3/16/07,1.89
3/19/07,1.92
3/20/07,1.93
3/21/07,1.99
3/22/07,1.97
3/23/07,1.95
3/26/07,1.95
3/27/07,1.97
3/28/07,1.97
3/29/07,1.99
3/30/07,1.99
4/2/07,2.02
4/3/07,2.06
4/4/07,2.08
4/5/07,2.08
4/9/07,2.08
4/10/07,2.09
4/11/07,2.08
4/12/07,2.11
4/13/07,2.12
4/16/07,2.26
4/17/07,2.25
4/18/07,2.25
4/19/07,2.23
4/20/07,2.25
4/23/07,2.24
4/24/07,2.24
4/25/07,2.84
4/26/07,3.14
4/27/07,3.13
4/30/07,3.07
5/1/07,3.10
5/2/07,3.06
5/3/07,3.11
5/4/07,3.16
5/7/07,3.04
5/8/07,3.09
5/9/07,3.14
5/10/07,3.05
5/11/07,3.08
5/14/07,3.09
5/15/07,3.03
5/16/07,3.16
5/17/07,3.11
5/18/07,3.17
5/21/07,3.42
5/22/07,3.44
5/23/07,3.45
5/24/07,3.47
5/25/07,3.43
5/29/07,3.48
5/30/07,3.49
5/31/07,3.46
6/1/07,3.43
6/4/07,3.52
6/5/07,3.68
6/6/07,3.61
6/7/07,3.60
6/8/07,3.66
6/11/07,3.56
6/12/07,3.50
6/13/07,3.54
6/14/07,3.60
6/15/07,3.62
6/18/07,3.59
6/19/07,3.49
6/20/07,3.46
6/21/07,3.48
6/22/07,3.44
6/25/07,3.43
6/26/07,3.37
6/27/07,3.41
6/28/07,3.44
6/29/07,3.42
7/2/07,3.48
7/3/07,3.47
7/5/07,3.44
7/6/07,3.45
7/9/07,3.60
7/10/07,3.51
7/11/07,3.54
7/12/07,3.64
7/13/07,3.76
7/16/07,3.68
7/17/07,3.69
7/18/07,3.67
7/19/07,3.67
7/20/07,3.58
7/23/07,3.59
7/24/07,3.46
7/25/07,4.31
7/26/07,4.20
7/27/07,4.20
7/30/07,4.14
7/31/07,3.93
8/1/07,3.87
8/2/07,3.99
8/3/07,3.84
8/6/07,3.95
8/7/07,3.96
8/8/07,3.89
8/9/07,3.71
8/10/07,3.74
8/13/07,3.74
8/14/07,3.67
8/15/07,3.62
8/16/07,3.64
8/17/07,3.75
8/20/07,3.74
8/21/07,3.87
8/22/07,3.93
8/23/07,3.87
8/24/07,3.96
8/27/07,3.93
8/28/07,3.81
8/29/07,3.95
8/30/07,3.93
8/31/07,4.00
9/4/07,4.14
9/5/07,4.19
9/6/07,4.31
9/7/07,4.23
9/10/07,4.17
9/11/07,4.31
9/12/07,4.37
9/13/07,4.36
9/14/07,4.39
9/17/07,4.35
9/18/07,4.44
9/19/07,4.45
9/20/07,4.48
9/21/07,4.57
9/24/07,4.63
9/25/07,4.67
9/26/07,4.67
9/27/07,4.67
9/28/07,4.66
10/1/07,4.67
10/2/07,4.62
10/3/07,4.62
10/4/07,4.61
10/5/07,4.67
10/8/07,4.79
10/9/07,4.77
10/10/07,4.73
10/11/07,4.47
10/12/07,4.62
10/15/07,4.53
10/16/07,4.48
10/17/07,4.53
10/18/07,4.49
10/19/07,4.49
10/22/07,4.56
10/23/07,5.04
10/24/07,4.44
10/25/07,4.41
10/26/07,4.50
10/29/07,4.51
10/30/07,4.41
10/31/07,4.46
11/1/07,4.38
11/2/07,4.30
11/5/07,4.22
11/6/07,4.36
11/7/07,4.35
11/8/07,4.18
11/9/07,3.94
11/12/07,3.85
11/13/07,3.99
11/14/07,3.93
11/15/07,3.89
11/16/07,3.93
11/19/07,3.96
11/20/07,4.02
11/21/07,3.99
11/23/07,4.07
11/26/07,4.07
11/27/07,4.28
11/28/07,4.52
11/29/07,4.46
11/30/07,4.53
12/3/07,4.55
12/4/07,4.72
12/5/07,4.66
12/6/07,4.71
12/7/07,4.72
12/10/07,4.65
12/11/07,4.54
12/12/07,4.56
12/13/07,4.62
12/14/07,4.45
12/17/07,4.25
12/18/07,4.34
12/19/07,4.47
12/20/07,4.53
12/21/07,4.56
12/24/07,4.55
12/26/07,4.64
12/27/07,4.71
12/28/07,4.72
12/31/07,4.63
1/2/08,4.81
1/3/08,4.76
1/4/08,4.44
1/7/08,4.44
1/8/08,4.39
1/9/08,4.26
1/10/08,4.21
1/11/08,4.05
1/14/08,4.14
1/15/08,4.01
1/16/08,4.02
1/17/08,4.01
1/18/08,3.99
1/22/08,3.92
1/23/08,3.70
1/24/08,3.88
1/25/08,3.88
1/28/08,3.79
1/29/08,3.70
1/30/08,3.71
1/31/08,3.89
2/1/08,3.73
2/4/08,3.70
2/5/08,3.60
2/6/08,3.42
2/7/08,3.55
2/8/08,3.68
2/11/08,3.76
2/12/08,3.72
2/13/08,3.89
2/14/08,3.79
2/15/08,3.65
2/19/08,3.60
2/20/08,3.68
2/21/08,3.50
2/22/08,3.60
2/25/08,3.66
2/26/08,3.58
2/27/08,3.54
2/28/08,3.39
2/29/08,3.22
3/3/08,3.12
3/4/08,3.27
3/5/08,3.25
3/6/08,3.14
3/7/08,3.20
3/10/08,3.17
3/11/08,3.36
3/12/08,3.33
3/13/08,3.42
3/14/08,3.41
3/17/08,3.33
3/18/08,3.59
3/19/08,3.51
3/20/08,3.66
3/24/08,3.80
3/25/08,3.76
3/26/08,3.69
3/27/08,3.54
3/28/08,3.49
3/31/08,3.57
4/1/08,3.84
4/2/08,3.87
4/3/08,3.75
4/4/08,3.84
4/7/08,3.85
4/8/08,3.87
4/9/08,3.72
4/10/08,3.74
4/11/08,3.60
4/14/08,3.63
4/15/08,3.63
4/16/08,3.73
4/17/08,3.70
4/18/08,4.01
4/21/08,4.01
4/22/08,3.98
4/23/08,4.05
4/24/08,3.88
4/25/08,4.04
4/28/08,4.10
4/29/08,4.04
4/30/08,3.93
5/1/08,3.97
5/2/08,3.87
5/5/08,3.80
5/6/08,3.79
5/7/08,3.66
5/8/08,3.64
5/9/08,3.62
5/12/08,3.73
5/13/08,3.73
5/14/08,3.71
5/15/08,3.81
5/16/08,3.82
5/19/08,4.11
5/20/08,4.04
5/21/08,3.92
5/22/08,3.96
5/23/08,3.92
5/27/08,4.03
5/28/08,4.00
5/29/08,4.02
5/30/08,4.08
6/2/08,4.01
6/3/08,4.01
6/4/08,4.08
6/5/08,4.23
6/6/08,4.03
6/9/08,3.97
6/10/08,3.98
6/11/08,3.86
6/12/08,3.81
6/13/08,3.96
6/16/08,4.09
6/17/08,4.15
6/18/08,4.13
6/19/08,4.21
6/20/08,4.06
6/23/08,4.03
6/24/08,3.98
6/25/08,4.03
6/26/08,3.82
6/27/08,3.73
6/30/08,3.67
7/1/08,3.68
7/2/08,3.57
7/3/08,3.60
7/7/08,3.62
7/8/08,3.75
7/9/08,3.53
7/10/08,3.53
7/11/08,3.43
7/14/08,3.31
7/15/08,3.35
7/16/08,3.59
7/17/08,3.61
7/18/08,3.46
7/21/08,3.42
7/22/08,3.40
7/23/08,3.53
7/24/08,3.94
7/25/08,3.92
7/28/08,3.80
7/29/08,3.91
7/30/08,3.91
7/31/08,3.82
8/1/08,3.79
8/4/08,3.79
8/5/08,3.96
8/6/08,3.90
8/7/08,3.85
8/8/08,4.03
8/11/08,4.40
8/12/08,4.36
8/13/08,4.33
8/14/08,4.40
8/15/08,4.32
8/18/08,4.16
8/19/08,4.06
8/20/08,4.11
8/21/08,4.16
8/22/08,4.26
8/25/08,4.14
8/26/08,4.09
8/27/08,4.09
8/28/08,4.17
8/29/08,4.04
9/2/08,4.07
9/3/08,4.04
9/4/08,3.90
9/5/08,3.96
9/8/08,4.06
9/9/08,3.95
9/10/08,3.84
9/11/08,3.98
9/12/08,3.92
9/15/08,3.87
9/16/08,3.94
9/17/08,3.58
9/18/08,3.83
9/19/08,4.05
9/22/08,3.75
9/23/08,3.59
9/24/08,3.50
9/25/08,3.60
9/26/08,3.54
9/29/08,3.17
9/30/08,3.64
10/1/08,3.48
10/2/08,3.37
10/3/08,3.35
10/6/08,3.26
10/7/08,2.93
10/8/08,3.05
10/9/08,2.80
10/10/08,2.81
10/13/08,3.10
10/14/08,2.79
10/15/08,2.44
10/16/08,2.51
10/17/08,2.53
10/20/08,2.65
10/21/08,2.51
10/22/08,2.50
10/23/08,2.52
10/24/08,2.45
10/27/08,2.48
10/28/08,2.80
10/29/08,2.84
10/30/08,2.84
10/31/08,2.86
11/3/08,2.79
11/4/08,2.92
11/5/08,2.60
11/6/08,2.36
11/7/08,2.46
11/10/08,2.42
11/11/08,2.32
11/12/08,2.08
11/13/08,2.25
11/14/08,2.09
11/17/08,1.98
11/18/08,1.92
11/19/08,1.79
11/20/08,1.75
11/21/08,1.89
11/24/08,2.13
11/25/08,2.11
11/26/08,2.20
11/28/08,2.14
12/1/08,2.02
12/2/08,2.06
12/3/08,2.26
12/4/08,2.37
12/5/08,2.41
12/8/08,2.57
12/9/08,2.56
12/10/08,2.49
12/11/08,2.41
12/12/08,2.56
12/15/08,2.44
12/16/08,2.63
12/17/08,2.66
12/18/08,2.60
12/19/08,2.58
12/22/08,2.49
12/23/08,2.55
12/24/08,2.57
12/26/08,2.59
12/29/08,2.47
12/30/08,2.54
12/31/08,2.56
1/2/09,2.72
1/5/09,2.70
1/6/09,2.87
1/7/09,2.81
1/8/09,2.86
1/9/09,2.78
1/12/09,2.60
1/13/09,2.57
1/14/09,2.42
1/15/09,2.57
1/16/09,2.58
1/20/09,2.42
1/21/09,2.53
1/22/09,2.50
1/23/09,2.53
1/26/09,2.48
1/27/09,2.42
1/28/09,2.52
1/29/09,2.50
1/30/09,2.94
2/2/09,3.06
2/3/09,3.18
2/4/09,3.05
2/5/09,3.16
2/6/09,3.33
2/9/09,3.34
2/10/09,3.17
2/11/09,3.22
2/12/09,3.20
2/13/09,3.16
2/17/09,3.08
2/18/09,3.12
2/19/09,3.10
2/20/09,3.19
2/23/09,3.09
2/24/09,3.28
2/25/09,3.19
2/26/09,3.12
2/27/09,3.24
3/2/09,3.10
3/3/09,3.09
3/4/09,3.24
3/5/09,3.24
3/6/09,3.08
3/9/09,3.02
3/10/09,3.29
3/11/09,3.43
3/12/09,3.48
3/13/09,3.43
3/16/09,3.35
3/17/09,3.57
3/18/09,3.56
3/19/09,3.51
3/20/09,3.50
3/23/09,3.78
3/24/09,3.64
3/25/09,3.62
3/26/09,3.68
3/27/09,3.53
3/30/09,3.57
3/31/09,3.67
4/1/09,3.68
4/2/09,3.82
4/3/09,3.91
4/6/09,3.90
4/7/09,3.78
4/8/09,3.85
4/9/09,3.99
4/13/09,3.95
4/14/09,3.86
4/15/09,3.74
4/16/09,3.86
4/17/09,3.90
4/20/09,3.88
4/21/09,3.94
4/22/09,3.96
4/23/09,4.03
4/24/09,4.22
4/27/09,4.16
4/28/09,4.12
4/29/09,3.99
4/30/09,4.03
5/1/09,3.95
5/4/09,3.99
5/5/09,4.10
5/6/09,4.10
5/7/09,3.96
5/8/09,3.90
5/11/09,3.93
5/12/09,3.90
5/13/09,3.71
5/14/09,3.76
5/15/09,3.68
5/18/09,3.80
5/19/09,3.89
5/20/09,3.90
5/21/09,3.80
5/22/09,3.78
5/26/09,3.92
5/27/09,3.86
5/28/09,3.88
5/29/09,3.90
6/1/09,4.15
6/2/09,4.25
6/3/09,4.28
6/4/09,4.28
6/5/09,4.38
6/8/09,4.32
6/9/09,4.35
6/10/09,4.33
6/11/09,4.28
6/12/09,4.20
6/15/09,4.16
6/16/09,4.11
6/17/09,4.13
6/18/09,4.08
6/19/09,4.15
6/22/09,3.96
6/23/09,3.88
6/24/09,3.96
6/25/09,4.11
6/26/09,4.19
6/29/09,4.15
6/30/09,4.18
7/1/09,4.08
7/2/09,3.97
7/6/09,3.91
7/7/09,3.78
7/8/09,3.87
7/9/09,3.91
7/10/09,3.88
7/13/09,4.07
7/14/09,4.10
7/15/09,4.23
7/16/09,4.31
7/17/09,4.29
7/20/09,4.41
7/21/09,4.45
7/22/09,4.44
7/23/09,4.69
7/24/09,4.32
7/27/09,4.21
7/28/09,4.25
7/29/09,4.22
7/30/09,4.30
7/31/09,4.29
8/3/09,4.37
8/4/09,4.29
8/5/09,4.21
8/6/09,4.22
8/7/09,4.27
8/10/09,4.22
8/11/09,4.18
8/12/09,4.30
8/13/09,4.23
8/14/09,4.18
8/17/09,4.05
8/18/09,4.11
8/19/09,4.15
8/20/09,4.20
8/21/09,4.25
8/24/09,4.23
8/25/09,4.21
8/26/09,4.20
8/27/09,4.22
8/28/09,4.14
8/31/09,4.06
9/1/09,3.96
9/2/09,3.91
9/3/09,3.92
9/4/09,3.94
9/8/09,4.05
9/9/09,4.11
9/10/09,4.19
9/11/09,4.23
9/14/09,4.19
9/15/09,4.18
9/16/09,4.54
9/17/09,4.52
9/18/09,4.51
9/21/09,4.53
9/22/09,4.69
9/23/09,4.62
9/24/09,4.61
9/25/09,4.53
9/28/09,4.61
9/29/09,4.59
9/30/09,4.67
10/1/09,4.55
10/2/09,4.49
10/5/09,4.43
10/6/09,4.55
10/7/09,4.70
10/8/09,4.76
10/9/09,4.79
10/12/09,4.68
10/13/09,4.74
10/14/09,4.87
10/15/09,4.80
10/16/09,4.77
10/19/09,4.73
10/20/09,4.75
10/21/09,4.67
10/22/09,4.67
10/23/09,5.92
10/26/09,6.23
10/27/09,6.10
10/28/09,6.08
10/29/09,6.13
10/30/09,5.94
11/2/09,5.94
11/3/09,5.92
11/4/09,5.86
11/5/09,6.03
11/6/09,6.31
11/9/09,6.33
11/10/09,6.51
11/11/09,6.50
11/12/09,6.53
11/13/09,6.65
11/16/09,6.58
11/17/09,6.56
11/18/09,6.56
11/19/09,6.45
11/20/09,6.48
11/23/09,6.65
11/24/09,6.65
11/25/09,6.70
11/27/09,6.59
11/30/09,6.80
12/1/09,6.93
12/2/09,7.11
12/3/09,7.06
12/4/09,6.88
12/7/09,6.71
12/8/09,6.71
12/9/09,6.57
12/10/09,6.77
12/11/09,6.71
12/14/09,6.57
12/15/09,6.51
12/16/09,6.42
12/17/09,6.35
12/18/09,6.42
12/21/09,6.64
12/22/09,6.69
12/23/09,6.95
12/24/09,6.92
12/28/09,6.97
12/29/09,6.97
12/30/09,6.82
12/31/09,6.73
1/4/10,6.70
1/5/10,6.73
1/6/10,6.61
1/7/10,6.50
1/8/10,6.68
1/11/10,6.52
1/12/10,6.37
1/13/10,6.46
1/14/10,6.37
1/15/10,6.36
1/19/10,6.38
1/20/10,6.29
1/21/10,6.33
1/22/10,6.07
1/25/10,6.02
1/26/10,5.97
1/27/10,6.14
1/28/10,6.30
1/29/10,6.27
2/1/10,5.94
2/2/10,5.91
2/3/10,5.96
2/4/10,5.80
2/5/10,5.87
2/8/10,5.84
2/9/10,5.90
2/10/10,5.87
2/11/10,6.00
2/12/10,5.98
2/16/10,5.88
2/17/10,5.82
2/18/10,5.90
2/19/10,5.88
2/22/10,5.90
2/23/10,5.86
2/24/10,5.99
2/25/10,5.91
2/26/10,5.92
3/1/10,6.23
3/2/10,6.28
3/3/10,6.29
3/4/10,6.43
3/5/10,6.45
3/8/10,6.51
3/9/10,6.44
3/10/10,6.53
3/11/10,6.68
3/12/10,6.59
3/15/10,6.56
3/16/10,6.59
3/17/10,6.57
3/18/10,6.64
3/19/10,6.52
3/22/10,6.52
3/23/10,6.46
3/24/10,6.40
3/25/10,6.74
3/26/10,6.75
3/29/10,6.76
3/30/10,6.83
3/31/10,6.79
4/1/10,6.59
4/5/10,6.57
4/6/10,6.78
4/7/10,6.74
4/8/10,7.05
4/9/10,7.00
4/12/10,7.06
4/13/10,7.01
4/14/10,7.21
4/15/10,7.29
4/16/10,7.11
4/19/10,7.12
4/20/10,7.21
4/21/10,7.32
4/22/10,7.50
4/23/10,7.18
4/26/10,7.36
4/27/10,7.10
4/28/10,6.97
4/29/10,7.09
4/30/10,6.86
5/3/10,6.87
5/4/10,6.49
5/5/10,6.55
5/6/10,6.44
5/7/10,6.25
5/10/10,6.56
5/11/10,6.52
5/12/10,6.69
5/13/10,6.57
5/14/10,6.43
5/17/10,6.45
5/18/10,6.31
5/19/10,6.23
5/20/10,5.99
5/21/10,6.14
5/24/10,6.11
5/25/10,6.24
5/26/10,6.16
5/27/10,6.34
5/28/10,6.27
6/1/10,6.16
6/2/10,6.32
6/3/10,6.44
6/4/10,6.14
6/7/10,6.10
6/8/10,5.94
6/9/10,5.90
6/10/10,6.16
6/11/10,6.15
6/14/10,6.19
6/15/10,6.34
6/16/10,6.35
6/17/10,6.29
6/18/10,6.29
6/21/10,6.13
6/22/10,6.12
6/23/10,6.07
6/24/10,5.92
6/25/10,6.05
6/28/10,5.89
6/29/10,5.43
6/30/10,5.46
7/1/10,5.55
7/2/10,5.46
7/6/10,5.50
7/7/10,5.67
7/8/10,5.81
7/9/10,5.86
7/12/10,5.98
7/13/10,6.18
7/14/10,6.17
7/15/10,6.10
7/16/10,5.92
7/19/10,6.00
7/20/10,6.01
7/21/10,5.87
7/22/10,6.00
7/23/10,5.94
7/26/10,5.92
7/27/10,5.86
7/28/10,5.86
7/29/10,5.84
7/30/10,5.89
8/2/10,6.00
8/3/10,6.12
8/4/10,6.38
8/5/10,6.39
8/6/10,6.42
8/9/10,6.44
8/10/10,6.50
8/11/10,6.29
8/12/10,6.33
8/13/10,6.23
8/16/10,6.30
8/17/10,6.44
8/18/10,6.48
8/19/10,6.38
8/20/10,6.39
8/23/10,6.33
8/24/10,6.23
8/25/10,6.34
8/26/10,6.24
8/27/10,6.33
8/30/10,6.19
8/31/10,6.24
9/1/10,6.62
9/2/10,6.76
9/3/10,6.94
9/7/10,6.86
9/8/10,6.96
9/9/10,7.02
9/10/10,7.12
9/13/10,7.25
9/14/10,7.29
9/15/10,7.27
9/16/10,7.41
9/17/10,7.42
9/20/10,7.57
9/21/10,7.54
9/22/10,7.59
9/23/10,7.64
9/24/10,8.04
9/27/10,7.97
9/28/10,7.99
9/29/10,7.95
9/30/10,7.85
10/1/10,7.69
10/4/10,7.77
10/5/10,8.04
10/6/10,7.77
10/7/10,7.81
10/8/10,7.78
10/11/10,7.65
10/12/10,7.82
10/13/10,7.76
10/14/10,7.78
10/15/10,8.23
10/18/10,8.18
10/19/10,7.93
10/20/10,7.93
10/21/10,8.25
10/22/10,8.46
10/25/10,8.45
10/26/10,8.50
10/27/10,8.38
10/28/10,8.34
10/29/10,8.26
11/1/10,8.13
11/2/10,8.23
11/3/10,8.42
11/4/10,8.45
11/5/10,8.54
11/8/10,8.60
11/9/10,8.51
11/10/10,8.67
11/11/10,8.52
11/12/10,8.28
11/15/10,7.95
11/16/10,7.89
11/17/10,7.92
11/18/10,8.21
11/19/10,8.24
11/22/10,8.52
11/23/10,8.41
11/24/10,8.86
11/26/10,8.86
11/29/10,8.97
11/30/10,8.77
12/1/10,8.83
12/2/10,8.83
12/3/10,8.78
12/6/10,8.90
12/7/10,8.84
12/8/10,8.81
12/9/10,8.74
12/10/10,8.78
12/13/10,8.71
12/14/10,8.70
12/15/10,8.78
12/16/10,8.90
12/17/10,8.88
12/20/10,9.16
12/21/10,9.24
12/22/10,9.24
12/23/10,9.13
12/27/10,9.11
12/28/10,9.05
12/29/10,9.17
12/30/10,9.14
12/31/10,9.00
1/3/11,9.21
1/4/11,9.25
1/5/11,9.37
1/6/11,9.29
1/7/11,9.27
1/10/11,9.23
1/11/11,9.22
1/12/11,9.20
1/13/11,9.28
1/14/11,9.44
1/18/11,9.56
1/19/11,9.34
1/20/11,9.10
1/21/11,8.87
1/24/11,8.84
1/25/11,8.84
1/26/11,8.77
1/27/11,9.22
1/28/11,8.56
1/31/11,8.48
2/1/11,8.61
2/2/11,8.68
2/3/11,8.69
2/4/11,8.80
2/7/11,8.82
2/8/11,9.15
2/9/11,9.27
2/10/11,9.31
2/11/11,9.46
2/14/11,9.52
2/15/11,9.45
2/16/11,9.33
2/17/11,9.39
2/18/11,9.33
2/22/11,9.02
2/23/11,8.83
2/24/11,8.89
2/25/11,8.86
2/28/11,8.66
3/1/11,8.47
3/2/11,8.60
3/3/11,8.64
3/4/11,8.58
3/7/11,8.45
3/8/11,8.34
3/9/11,8.45
3/10/11,8.31
3/11/11,8.40
3/14/11,8.34
3/15/11,8.25
3/16/11,8.24
3/17/11,8.05
3/18/11,8.09
3/21/11,8.23
3/22/11,8.13
3/23/11,8.27
3/24/11,8.56
3/25/11,8.55
3/28/11,8.47
3/29/11,8.73
3/30/11,8.97
3/31/11,9.01
4/1/11,9.01
4/4/11,9.15
4/5/11,9.26
4/6/11,9.14
4/7/11,9.25
4/8/11,9.24
4/11/11,9.20
4/12/11,9.02
4/13/11,9.11
4/14/11,9.09
4/15/11,9.00
4/18/11,8.92
4/19/11,8.94
4/20/11,9.19
4/21/11,9.29
4/25/11,9.27
4/26/11,9.12
4/27/11,9.83
4/28/11,9.75
4/29/11,9.79
5/2/11,10.06
5/3/11,9.92
5/4/11,10.00
5/5/11,9.86
5/6/11,9.88
5/9/11,10.04
5/10/11,10.20
5/11/11,10.22
5/12/11,10.30
5/13/11,10.13
5/16/11,9.63
5/17/11,9.74
5/18/11,9.85
5/19/11,9.94
5/20/11,9.93
5/23/11,9.81
5/24/11,9.66
5/25/11,9.61
5/26/11,9.75
5/27/11,9.71
5/31/11,9.83
6/1/11,9.62
6/2/11,9.68
6/3/11,9.42
6/6/11,9.28
6/7/11,9.38
6/8/11,9.40
6/9/11,9.48
6/10/11,9.33
6/13/11,9.31
6/14/11,9.50
6/15/11,9.30
6/16/11,9.18
6/17/11,9.32
6/20/11,9.39
6/21/11,9.71
6/22/11,9.58
6/23/11,9.71
6/24/11,9.63
6/27/11,10.06
6/28/11,10.12
6/29/11,10.21
6/30/11,10.22
7/1/11,10.47
7/5/11,10.66
7/6/11,10.71
7/7/11,10.84
7/8/11,10.91
7/11/11,10.63
7/12/11,10.56
7/13/11,10.68
7/14/11,10.52
7/15/11,10.64
7/18/11,10.58
7/19/11,10.90
7/20/11,10.78
7/21/11,10.66
7/22/11,10.83
7/25/11,10.67
7/26/11,10.71
7/27/11,11.13
7/28/11,11.20
7/29/11,11.13
8/1/11,11.07
8/2/11,10.59
8/3/11,10.50
8/4/11,10.07
8/5/11,10.14
8/8/11,9.69
8/9/11,10.25
8/10/11,9.71
8/11/11,9.92
8/12/11,10.12
8/15/11,10.15
8/16/11,9.88
8/17/11,9.80
8/18/11,9.13
8/19/11,8.95
8/22/11,8.88
8/23/11,9.68
8/24/11,9.69
8/25/11,9.60
8/26/11,9.96
8/29/11,10.33
8/30/11,10.55
8/31/11,10.76
9/1/11,10.63
9/2/11,10.50
9/6/11,10.81
9/7/11,11.00
9/8/11,10.86
9/9/11,10.57
9/12/11,10.83
9/13/11,10.98
9/14/11,11.13
9/15/11,11.34
9/16/11,11.97
9/19/11,12.08
9/20/11,11.66
9/21/11,11.59
9/22/11,11.16
9/23/11,11.18
9/26/11,11.49
9/27/11,11.21
9/28/11,11.49
9/29/11,11.12
9/30/11,10.81
10/3/11,10.60
10/4/11,10.63
10/5/11,10.98
10/6/11,11.08
10/7/11,11.24
10/10/11,11.57
10/11/11,11.77
10/12/11,11.84
10/13/11,11.81
10/14/11,12.34
10/17/11,12.12
10/18/11,12.19
10/19/11,11.58
10/20/11,11.68
10/21/11,11.74
10/24/11,11.88
10/25/11,11.36
10/26/11,9.92
10/27/11,10.34
10/28/11,10.87
10/31/11,10.68
11/1/11,10.61
11/2/11,10.78
11/3/11,10.91
11/4/11,10.82
11/7/11,10.85
11/8/11,10.90
11/9/11,10.56
11/10/11,10.54
11/11/11,10.87
11/14/11,10.95
11/15/11,10.89
11/16/11,10.60
11/17/11,10.23
11/18/11,9.86
11/21/11,9.46
11/22/11,9.62
11/23/11,9.45
11/25/11,9.12
11/28/11,9.71
11/29/11,9.42
11/30/11,9.61
12/1/11,9.86
12/2/11,9.80
12/5/11,9.81
12/6/11,9.60
12/7/11,9.77
12/8/11,9.52
12/9/11,9.65
12/12/11,9.48
12/13/11,9.03
12/14/11,9.01
12/15/11,9.06
12/16/11,9.06
12/19/11,8.97
12/20/11,9.13
12/21/11,8.72
12/22/11,8.95
12/23/11,8.86
12/27/11,8.81
12/28/11,8.69
12/29/11,8.69
12/30/11,8.66
1/3/12,8.95
1/4/12,8.88
1/5/12,8.88
1/6/12,9.13
1/9/12,8.93
1/10/12,8.97
1/11/12,8.95
1/12/12,8.80
1/13/12,8.92
1/17/12,9.08
1/18/12,9.47
1/19/12,9.72
1/20/12,9.55
1/23/12,9.30
1/24/12,9.35
1/25/12,9.39
1/26/12,9.67
1/27/12,9.77
1/30/12,9.61
1/31/12,9.72
2/1/12,8.97
2/2/12,9.09
2/3/12,9.38
2/6/12,9.16
2/7/12,9.21
2/8/12,9.27
2/9/12,9.25
2/10/12,9.28
2/13/12,9.58
2/14/12,9.57
2/15/12,9.22
2/16/12,9.00
2/17/12,9.13
2/21/12,9.11
2/22/12,9.03
2/23/12,8.94
2/24/12,8.96
2/27/12,8.93
2/28/12,9.19
2/29/12,8.98
3/1/12,9.00
3/2/12,8.97
3/5/12,9.01
3/6/12,9.05
3/7/12,9.19
3/8/12,9.38
3/9/12,9.22
3/12/12,9.17
3/13/12,9.23
3/14/12,9.11
3/15/12,9.22
3/16/12,9.25
3/19/12,9.28
3/20/12,9.62
3/21/12,9.59
3/22/12,9.62
3/23/12,9.75
3/26/12,10.14
3/27/12,10.27
3/28/12,10.06
3/29/12,10.23
3/30/12,10.13
4/2/12,9.90
4/3/12,9.98
4/4/12,9.70
4/5/12,9.72
4/9/12,9.59
4/10/12,9.35
4/11/12,9.40
4/12/12,9.53
4/13/12,9.42
4/16/12,9.28
4/17/12,9.42
4/18/12,9.55
4/19/12,9.56
4/20/12,9.50
4/23/12,9.41
4/24/12,9.52
4/25/12,9.72
4/26/12,9.80
4/27/12,11.34
4/30/12,11.60
5/1/12,11.50
5/2/12,11.51
5/3/12,11.47
5/4/12,11.20
5/7/12,11.26
5/8/12,11.20
5/9/12,11.15
5/10/12,11.33
5/11/12,11.38
5/14/12,11.15
5/15/12,11.22
5/16/12,11.20
5/17/12,10.92
5/18/12,10.69
5/21/12,10.91
5/22/12,10.77
5/23/12,10.86
5/24/12,10.76
5/25/12,10.64
5/29/12,10.74
5/30/12,10.46
5/31/12,10.65
6/1/12,10.41
6/4/12,10.73
6/5/12,10.66
6/6/12,10.88
6/7/12,10.94
6/8/12,10.92
6/11/12,10.83
6/12/12,10.82
6/13/12,10.74
6/14/12,10.72
6/15/12,10.92
6/18/12,11.13
6/19/12,11.20
6/20/12,11.15
6/21/12,11.03
6/22/12,11.11
6/25/12,11.00
6/26/12,11.28
6/27/12,11.28
6/28/12,11.07
6/29/12,11.42
7/2/12,11.47
7/3/12,11.48
7/5/12,11.35
7/6/12,11.25
7/9/12,11.25
7/10/12,10.98
7/11/12,10.92
7/12/12,10.77
7/13/12,10.92
7/16/12,10.80
7/17/12,10.85
7/18/12,10.87
7/19/12,11.31
7/20/12,11.41
7/23/12,11.30
7/24/12,11.15
7/25/12,10.85
7/26/12,11.00
7/27/12,11.87
7/30/12,11.80
7/31/12,11.67
8/1/12,11.60
8/2/12,11.54
8/3/12,11.75
8/6/12,11.70
8/7/12,11.83
8/8/12,11.72
8/9/12,11.70
8/10/12,11.64
8/13/12,11.62
8/14/12,11.66
8/15/12,11.87
8/16/12,12.08
8/17/12,12.06
8/20/12,12.02
8/21/12,11.97
8/22/12,12.16
8/23/12,12.06
8/24/12,12.29
8/27/12,12.20
8/28/12,12.31
8/29/12,12.36
8/30/12,12.31
8/31/12,12.41
9/4/12,12.39
9/5/12,12.31
9/6/12,12.57
9/7/12,12.96
9/10/12,12.85
9/11/12,12.78
9/12/12,12.78
9/13/12,13.01
9/14/12,13.06
9/17/12,12.90
9/18/12,12.94
9/19/12,13.08
9/20/12,13.04
9/21/12,12.87
9/24/12,12.74
9/25/12,12.62
9/26/12,12.48
9/27/12,12.83
9/28/12,12.72
10/1/12,12.60
10/2/12,12.53
10/3/12,12.80
10/4/12,13.02
10/5/12,12.93
10/8/12,12.95
10/9/12,12.55
10/10/12,12.25
10/11/12,12.21
10/12/12,12.12
10/15/12,12.21
10/16/12,12.20
10/17/12,12.37
10/18/12,12.24
10/19/12,12.00
10/22/12,11.69
10/23/12,11.72
10/24/12,11.42
10/25/12,11.15
10/26/12,11.91
10/31/12,11.64
11/1/12,11.61
11/2/12,11.62
11/5/12,11.72
11/6/12,11.88
11/7/12,11.60
11/8/12,11.37
11/9/12,11.32
11/12/12,11.32
11/13/12,11.33
11/14/12,11.15
11/15/12,11.03
11/16/12,11.26
11/19/12,11.49
11/20/12,11.69
11/21/12,11.90
11/23/12,11.99
11/26/12,12.18
11/27/12,12.17
11/28/12,12.36
11/29/12,12.56
11/30/12,12.60
12/3/12,12.52
12/4/12,12.62
12/5/12,12.70
12/6/12,12.67
12/7/12,12.66
12/10/12,12.39
12/11/12,12.53
12/12/12,12.59
12/13/12,12.56
12/14/12,12.46
12/17/12,12.69
12/18/12,13.02
12/19/12,12.90
12/20/12,13.08
12/21/12,12.85
12/24/12,12.93
12/26/12,12.43
12/27/12,12.42
12/28/12,12.26
12/31/12,12.54
1/2/13,12.87
1/3/13,12.92
1/4/13,12.96
1/7/13,13.42
1/8/13,13.32
1/9/13,13.32
1/10/13,13.27
1/11/13,13.40
1/14/13,13.64
1/15/13,13.60
1/16/13,13.45
1/17/13,13.52
1/18/13,13.61
1/22/13,13.51
1/23/13,13.41
1/24/13,13.67
1/25/13,14.20
1/28/13,13.80
1/29/13,13.02
1/30/13,13.64
1/31/13,13.28
2/1/13,13.25
2/4/13,13.00
2/5/13,13.34
2/6/13,13.11
2/7/13,13.01
2/8/13,13.10
2/11/13,12.86
2/12/13,12.94
2/13/13,13.47
2/14/13,13.46
2/15/13,13.25
2/19/13,13.49
2/20/13,13.32
2/21/13,13.30
2/22/13,13.27
2/25/13,12.99
2/26/13,12.97
2/27/13,13.16
2/28/13,13.21
3/1/13,13.29
3/4/13,13.66
3/5/13,13.78
3/6/13,13.69
3/7/13,13.69
3/8/13,13.71
3/11/13,13.56
3/12/13,13.71
3/13/13,13.76
3/14/13,13.29
3/15/13,13.09
3/18/13,12.89
3/19/13,12.82
3/20/13,12.86
3/21/13,12.67
3/22/13,12.89
3/25/13,12.80
3/26/13,13.02
3/27/13,13.27
3/28/13,13.32
4/1/13,13.08
4/2/13,13.17
4/3/13,12.95
4/4/13,12.95
4/5/13,12.77
4/8/13,12.95
4/9/13,13.06
4/10/13,13.24
4/11/13,13.49
4/12/13,13.64
4/15/13,13.39
4/16/13,13.62
4/17/13,13.37
4/18/13,12.97
4/19/13,13.02
4/22/13,13.18
4/23/13,13.45
4/24/13,13.44
4/25/13,13.74
4/26/13,12.74
4/29/13,12.49
4/30/13,12.69
5/1/13,12.41
5/2/13,12.63
5/3/13,12.90
5/6/13,12.79
5/7/13,12.89
5/8/13,12.93
5/9/13,13.01
5/10/13,13.18
5/13/13,13.23
5/14/13,13.42
5/15/13,13.33
5/16/13,13.21
5/17/13,13.50
5/20/13,13.38
5/21/13,13.44
5/22/13,13.15
5/23/13,13.09
5/24/13,13.09
5/28/13,13.36
5/29/13,13.28
5/30/13,13.34
5/31/13,13.46
6/3/13,13.34
6/4/13,13.29
6/5/13,13.36
6/6/13,13.39
6/7/13,13.84
6/10/13,14.05
6/11/13,13.74
6/12/13,13.58
6/13/13,13.79
6/14/13,13.70
6/17/13,13.90
6/18/13,14.09
6/19/13,13.91
6/20/13,13.67
6/21/13,13.67
6/24/13,13.53
6/25/13,13.60
6/26/13,13.88
6/27/13,13.88
6/28/13,13.88
7/1/13,14.11
7/2/13,14.19
7/3/13,14.20
7/5/13,14.29
7/8/13,14.53
7/9/13,14.58
7/10/13,14.62
7/11/13,14.98
7/12/13,15.38
7/15/13,15.33
7/16/13,15.34
7/17/13,15.43
7/18/13,15.21
7/19/13,15.26
7/22/13,15.17
7/23/13,15.05
7/24/13,14.95
7/25/13,15.17
7/26/13,15.60
7/29/13,15.31
7/30/13,15.12
7/31/13,15.06
8/1/13,15.28
8/2/13,15.21
8/5/13,15.05
8/6/13,15.04
8/7/13,14.85
8/8/13,14.79
8/9/13,14.86
8/12/13,14.83
8/13/13,14.70
8/14/13,14.57
8/15/13,14.32
8/16/13,14.24
8/19/13,14.28
8/20/13,14.35
8/21/13,14.23
8/22/13,14.49
8/23/13,14.50
8/26/13,14.31
8/27/13,14.05
8/28/13,14.08
8/29/13,14.20
8/30/13,14.05
9/3/13,14.44
9/4/13,14.68
9/5/13,14.71
9/6/13,14.79
9/9/13,14.99
9/10/13,15.02
9/11/13,14.98
9/12/13,14.94
9/13/13,14.90
9/16/13,14.80
9/17/13,15.21
9/18/13,15.60
9/19/13,15.60
9/20/13,15.82
9/23/13,15.57
9/24/13,15.71
9/25/13,15.63
9/26/13,15.91
9/27/13,15.80
9/30/13,15.63
10/1/13,16.05
10/2/13,16.03
10/3/13,15.74
10/4/13,15.95
10/7/13,15.50
10/8/13,15.16
10/9/13,14.91
10/10/13,15.26
10/11/13,15.54
10/14/13,15.54
10/15/13,15.32
10/16/13,15.52
10/17/13,15.54
10/18/13,16.45
10/21/13,16.32
10/22/13,16.63
10/23/13,16.34
10/24/13,16.61
10/25/13,18.17
10/28/13,17.91
10/29/13,18.14
10/30/13,18.05
10/31/13,18.20
11/1/13,17.95
11/4/13,17.94
11/5/13,17.94
11/6/13,17.81
11/7/13,17.18
11/8/13,17.52
11/11/13,17.72
11/12/13,17.48
11/13/13,17.81
11/14/13,18.37
11/15/13,18.46
11/18/13,18.31
11/19/13,18.25
11/20/13,18.13
11/21/13,18.45
11/22/13,18.62
11/25/13,18.83
11/26/13,19.07
11/27/13,19.34
11/29/13,19.68
12/2/13,19.62
12/3/13,19.23
12/4/13,19.30
12/5/13,19.22
12/6/13,19.35
12/9/13,19.24
12/10/13,19.39
12/11/13,19.11
12/12/13,19.06
12/13/13,19.21
12/16/13,19.45
12/17/13,19.38
12/18/13,19.80
12/19/13,19.76
12/20/13,20.11
12/23/13,20.15
12/24/13,19.96
12/26/13,20.22
12/27/13,19.90
12/30/13,19.67
12/31/13,19.94
1/2/14,19.90
1/3/14,19.82
1/6/14,19.68
1/7/14,19.90
1/8/14,20.10
1/9/14,20.05
1/10/14,19.88
1/13/14,19.55
1/14/14,19.88
1/15/14,19.79
1/16/14,19.79
1/17/14,19.98
1/21/14,20.35
1/22/14,20.23
1/23/14,19.99
1/24/14,19.38
1/27/14,19.31
1/28/14,19.72
1/29/14,19.21
1/30/14,20.15
1/31/14,17.93
2/3/14,17.31
2/4/14,17.40
2/5/14,17.32
2/6/14,17.73
2/7/14,18.05
2/10/14,18.04
2/11/14,18.09
2/12/14,17.46
2/13/14,17.86
2/14/14,17.87
2/18/14,17.68
2/19/14,17.37
2/20/14,17.49
2/21/14,17.34
2/24/14,17.59
2/25/14,17.92
2/26/14,17.99
2/27/14,18.01
2/28/14,18.11
3/3/14,17.99
3/4/14,18.20
3/5/14,18.62
3/6/14,18.61
3/7/14,18.60
3/10/14,18.53
3/11/14,18.44
3/12/14,18.53
3/13/14,18.58
3/14/14,18.69
3/17/14,18.75
3/18/14,18.94
3/19/14,18.66
3/20/14,18.45
3/21/14,18.03
3/24/14,17.59
3/25/14,17.74
3/26/14,17.17
3/27/14,16.92
3/28/14,16.91
3/31/14,16.82
4/1/14,17.15
4/2/14,17.10
4/3/14,16.68
4/4/14,16.15
4/7/14,15.89
4/8/14,16.35
4/9/14,16.59
4/10/14,15.86
4/11/14,15.59
4/14/14,15.80
4/15/14,15.80
4/16/14,16.18
4/17/14,16.25
4/21/14,16.54
4/22/14,16.47
4/23/14,16.23
4/24/14,16.86
4/25/14,15.19
4/28/14,14.83
4/29/14,15.02
4/30/14,15.21
5/1/14,15.39
5/2/14,15.40
5/5/14,15.50
5/6/14,14.87
5/7/14,14.64
5/8/14,14.42
5/9/14,14.61
5/12/14,15.14
5/13/14,15.23
5/14/14,14.88
5/15/14,14.76
5/16/14,14.89
5/19/14,14.84
5/20/14,15.06
5/21/14,15.25
5/22/14,15.25
5/23/14,15.61
5/27/14,15.54
5/28/14,15.51
5/29/14,15.69
5/30/14,15.63
6/2/14,15.44
6/3/14,15.36
6/4/14,15.34
6/5/14,16.18
6/6/14,16.48
6/9/14,16.38
6/10/14,16.62
6/11/14,16.76
6/12/14,16.30
6/13/14,16.31
6/16/14,16.38
6/17/14,16.28
6/18/14,16.72
6/19/14,16.35
6/20/14,16.21
6/23/14,16.36
6/24/14,16.21
6/25/14,16.37
6/26/14,16.28
6/27/14,16.23
6/30/14,16.24
7/1/14,16.62
7/2/14,16.64
7/3/14,16.87
7/7/14,16.68
7/8/14,16.19
7/9/14,16.50
7/10/14,16.40
7/11/14,17.31
7/14/14,17.77
7/15/14,17.72
7/16/14,17.80
7/17/14,17.62
7/18/14,17.93
7/21/14,17.99
7/22/14,18.04
7/23/14,17.91
7/24/14,17.93
7/25/14,16.20
7/28/14,16.02
7/29/14,16.00
7/30/14,16.13
7/31/14,15.65
8/1/14,15.35
8/4/14,15.68
8/5/14,15.62
8/6/14,15.69
8/7/14,15.57
8/8/14,15.84
8/11/14,15.92
8/12/14,15.97
8/13/14,16.31
8/14/14,16.66
8/15/14,16.68
8/18/14,16.73
8/19/14,16.76
8/20/14,16.79
8/21/14,16.65
8/22/14,16.58
8/25/14,16.70
8/26/14,17.09
8/27/14,17.16
8/28/14,17.00
8/29/14,16.95
9/2/14,17.12
9/3/14,16.95
9/4/14,17.30
9/5/14,17.32
9/8/14,17.12
9/9/14,16.49
9/10/14,16.57
9/11/14,16.53
9/12/14,16.56
9/15/14,16.19
9/16/14,16.39
9/17/14,16.20
9/18/14,16.25
9/19/14,16.57
9/22/14,16.23
9/23/14,16.18
9/24/14,16.41
9/25/14,16.10
9/26/14,16.16
9/29/14,16.09
9/30/14,16.12
10/1/14,15.87
10/2/14,15.92
10/3/14,16.14
10/6/14,16.11
10/7/14,15.85
10/8/14,16.14
10/9/14,15.77
10/10/14,15.57
10/13/14,15.32
10/14/14,15.42
10/15/14,15.30
10/16/14,15.14
10/17/14,15.18
10/20/14,15.31
10/21/14,15.77
10/22/14,15.65
10/23/14,15.66
10/24/14,14.35
10/27/14,14.50
10/28/14,14.78
10/29/14,14.71
10/30/14,14.95
10/31/14,15.27
11/3/14,15.29
11/4/14,15.14
11/5/14,14.83
11/6/14,14.83
11/7/14,14.99
11/10/14,15.26
11/11/14,15.60
11/12/14,15.58
11/13/14,15.82
11/14/14,16.39
11/17/14,16.15
11/18/14,16.25
11/19/14,16.33
11/20/14,16.53
11/21/14,16.63
11/24/14,16.78
11/25/14,16.75
11/26/14,16.68
11/28/14,16.93
12/1/14,16.30
12/2/14,16.32
12/3/14,15.83
12/4/14,15.85
12/5/14,15.63
12/8/14,15.33
12/9/14,15.63
12/10/14,15.29
12/11/14,15.37
12/12/14,15.37
12/15/14,15.30
12/16/14,14.75
12/17/14,14.94
12/18/14,14.89
12/19/14,15.00
12/22/14,15.33
12/23/14,15.31
12/24/14,15.15
12/26/14,15.45
12/29/14,15.60
12/30/14,15.52
12/31/14,15.52
1/2/15,15.43
1/5/15,15.11
1/6/15,14.76
1/7/15,14.92
1/8/15,15.02
1/9/15,14.85
1/12/15,14.57
1/13/15,14.74
1/14/15,14.66
1/15/15,14.35
1/16/15,14.54
1/20/15,14.47
1/21/15,14.86
1/22/15,15.52
1/23/15,15.62
1/26/15,15.48
1/27/15,15.34
1/28/15,15.20
1/29/15,15.59
1/30/15,17.73
2/2/15,18.22
2/3/15,18.18
2/4/15,18.24
2/5/15,18.69
2/6/15,18.71
2/9/15,18.53
2/10/15,18.65
2/11/15,18.76
2/12/15,18.86
2/13/15,19.09
2/17/15,18.77
2/18/15,18.67
2/19/15,18.95
2/20/15,19.18
2/23/15,19.01
2/24/15,18.93
2/25/15,19.27
2/26/15,19.24
2/27/15,19.01
3/2/15,19.28
3/3/15,19.23
3/4/15,19.14
3/5/15,19.39
3/6/15,19.00
3/9/15,18.93
3/10/15,18.48
3/11/15,18.32
3/12/15,18.71
3/13/15,18.53
3/16/15,18.67
3/17/15,18.60
3/18/15,18.76
3/19/15,18.66
3/20/15,18.92
3/23/15,18.76
3/24/15,18.70
3/25/15,18.55
3/26/15,18.37
3/27/15,18.53
3/30/15,18.73
3/31/15,18.61
4/1/15,18.51
4/2/15,18.61
4/6/15,18.85
4/7/15,18.72
4/8/15,19.06
4/9/15,19.18
4/10/15,19.13
4/13/15,19.12
4/14/15,19.26
4/15/15,19.17
4/16/15,19.30
4/17/15,18.78
4/20/15,19.48
4/21/15,19.56
4/22/15,19.49
4/23/15,19.50
4/24/15,22.25
4/27/15,21.93
4/28/15,21.47
4/29/15,21.47
4/30/15,21.09
5/1/15,21.14
5/4/15,21.15
5/5/15,21.06
5/6/15,20.96
5/7/15,21.34
5/8/15,21.68
5/11/15,21.64
5/12/15,21.55
5/13/15,21.34
5/14/15,21.61
5/15/15,21.30
5/18/15,21.26
5/19/15,21.09
5/20/15,21.19
5/21/15,21.58
5/22/15,21.38
5/26/15,21.27
5/27/15,21.57
5/28/15,21.33
5/29/15,21.46
6/1/15,21.55
6/2/15,21.55
6/3/15,21.83
6/4/15,21.54
6/5/15,21.35
6/8/15,21.17
6/9/15,21.27
6/10/15,21.54
6/11/15,21.65
6/12/15,21.50
6/15/15,21.18
6/16/15,21.36
6/17/15,21.39
6/18/15,21.97
6/19/15,21.75
6/22/15,21.81
6/23/15,22.30
6/24/15,22.04
6/25/15,22.00
6/26/15,21.91
6/29/15,21.49
6/30/15,21.70
7/1/15,21.87
7/2/15,21.89
7/6/15,21.80
7/7/15,21.84
7/8/15,21.49
7/9/15,21.72
7/10/15,22.18
7/13/15,22.78
7/14/15,23.28
7/15/15,23.06
7/16/15,23.77
7/17/15,24.15
7/20/15,24.41
7/21/15,24.40
7/22/15,24.41
7/23/15,24.11
7/24/15,26.47
7/27/15,26.57
7/28/15,26.30
7/29/15,26.45
7/30/15,26.84
7/31/15,26.81
8/3/15,26.75
8/4/15,26.59
8/5/15,26.85
8/6/15,26.47
8/7/15,26.13
8/10/15,26.20
8/11/15,26.37
8/12/15,26.30
8/13/15,26.48
8/14/15,26.58
8/17/15,26.76
8/18/15,26.75
8/19/15,26.65
8/20/15,25.79
8/21/15,24.72
8/24/15,23.17
8/25/15,23.32
8/26/15,25.04
8/27/15,25.92
8/28/15,25.90
8/31/15,25.64
9/1/15,24.83
9/2/15,25.53
9/3/15,25.24
9/4/15,24.95
9/8/15,25.88
9/9/15,25.84
9/10/15,26.11
9/11/15,26.47
9/14/15,26.07
9/15/15,26.12
9/16/15,26.37
9/17/15,26.94
9/18/15,27.01
9/21/15,27.42
9/22/15,26.92
9/23/15,26.80
9/24/15,26.69
9/25/15,26.21
9/28/15,25.20
9/29/15,24.80
9/30/15,25.59
10/1/15,26.04
10/2/15,26.63
10/5/15,27.18
10/6/15,26.87
10/7/15,27.10
10/8/15,26.66
10/9/15,26.99
10/12/15,27.51
10/13/15,27.45
10/14/15,27.24
10/15/15,28.12
10/16/15,28.54
10/19/15,28.66
10/20/15,28.04
10/21/15,27.79
10/22/15,28.20
10/23/15,29.95
10/26/15,30.43
10/27/15,30.55
10/28/15,30.86
10/29/15,31.33
10/30/15,31.30
11/2/15,31.42
11/3/15,31.27
11/4/15,32.05
11/5/15,32.78
11/6/15,32.97
11/9/15,32.77
11/10/15,32.98
11/11/15,33.66
11/12/15,33.28
11/13/15,32.12
11/16/15,32.39
11/17/15,32.17
11/18/15,33.18
11/19/15,33.06
11/20/15,33.42
11/23/15,33.95
11/24/15,33.56
11/25/15,33.77
11/27/15,33.66
11/30/15,33.24
12/1/15,33.95
12/2/15,33.80
12/3/15,33.31
12/4/15,33.63
12/7/15,33.49
12/8/15,33.87
12/9/15,33.24
12/10/15,33.12
12/11/15,32.01
12/14/15,32.90
12/15/15,32.93
12/16/15,33.79
12/17/15,33.53
12/18/15,33.21
12/21/15,33.23
12/22/15,33.16
12/23/15,33.19
12/24/15,33.14
12/28/15,33.76
12/29/15,34.70
12/30/15,34.45
12/31/15,33.79
1/4/16,31.85
1/5/16,31.69
1/6/16,31.63
1/7/16,30.40
1/8/16,30.35
1/11/16,30.89
1/12/16,30.89
1/13/16,29.09
1/14/16,29.65
1/15/16,28.51
1/19/16,28.72
1/20/16,28.59
1/21/16,28.75
1/22/16,29.82
1/25/16,29.83
1/26/16,30.06
1/27/16,29.17
1/28/16,31.77
1/29/16,29.35
2/1/16,28.74
2/2/16,27.61
2/3/16,26.55
2/4/16,26.81
2/5/16,25.11
2/8/16,24.41
2/9/16,24.10
2/10/16,24.52
2/11/16,25.19
2/12/16,25.35
2/16/16,26.06
2/17/16,26.71
2/18/16,26.25
2/19/16,26.75
2/22/16,27.98
2/23/16,27.65
2/24/16,27.70
2/25/16,27.76
2/26/16,27.76
2/29/16,27.63
3/1/16,28.95
3/2/16,29.01
3/3/16,28.87
3/4/16,28.76
3/7/16,28.14
3/8/16,28.01
3/9/16,27.97
3/10/16,27.95
3/11/16,28.48
3/14/16,28.67
3/15/16,28.85
3/16/16,28.71
3/17/16,27.97
3/18/16,27.60
3/21/16,27.70
3/22/16,28.02
3/23/16,28.48
3/24/16,29.15
3/28/16,28.99
3/29/16,29.69
3/30/16,29.93
3/31/16,29.68
4/1/16,29.92
4/4/16,29.66
4/5/16,29.31
4/6/16,30.10
4/7/16,29.57
4/8/16,29.73
4/11/16,29.80
4/12/16,30.16
4/13/16,30.74
4/14/16,31.04
4/15/16,31.29
4/18/16,31.77
4/19/16,31.40
4/20/16,31.65
4/21/16,31.55
4/22/16,31.03
4/25/16,31.31
4/26/16,30.84
4/27/16,30.33
4/28/16,30.10
4/29/16,32.98
5/2/16,34.19
5/3/16,33.57
5/4/16,33.54
5/5/16,32.95
5/6/16,33.70
5/9/16,33.99
5/10/16,35.15
5/11/16,35.66
5/12/16,35.90
5/13/16,35.50
5/16/16,35.53
5/17/16,34.76
5/18/16,34.87
5/19/16,34.93
5/20/16,35.14
5/23/16,34.84
5/24/16,35.21
5/25/16,35.42
5/26/16,35.75
5/27/16,35.61
5/31/16,36.14
6/1/16,35.97
6/2/16,36.41
6/3/16,36.28
6/6/16,36.34
6/7/16,36.19
6/8/16,36.33
6/9/16,36.38
6/10/16,35.90
6/13/16,35.76
6/14/16,35.97
6/15/16,35.71
6/16/16,35.88
6/17/16,35.32
6/20/16,35.70
6/21/16,35.79
6/22/16,35.53
6/23/16,36.10
6/24/16,34.95
6/27/16,34.57
6/28/16,35.40
6/29/16,35.78
6/30/16,35.78
7/1/16,36.28
7/5/16,36.40
7/6/16,36.88
7/7/16,36.83
7/8/16,37.29
7/11/16,37.69
7/12/16,37.41
7/13/16,37.13
7/14/16,37.06
7/15/16,36.77
7/18/16,36.80
7/19/16,37.00
7/20/16,37.29
7/21/16,37.22
7/22/16,37.24
7/25/16,36.98
7/26/16,36.78
7/27/16,36.83
7/28/16,37.63
7/29/16,37.94
8/1/16,38.39
8/2/16,38.03
8/3/16,37.73
8/4/16,38.04
8/5/16,38.30
8/8/16,38.33
8/9/16,38.42
8/10/16,38.43
8/11/16,38.56
8/12/16,38.63
8/15/16,38.42
8/16/16,38.20
8/17/16,38.23
8/18/16,38.22
8/19/16,37.87
8/22/16,37.97
8/23/16,38.12
8/24/16,37.86
8/25/16,37.96
8/26/16,38.45
8/29/16,38.56
8/30/16,38.38
8/31/16,38.46
9/1/16,38.53
9/2/16,38.62
9/6/16,39.44
9/7/16,39.22
9/8/16,39.20
9/9/16,38.01
9/12/16,38.57
9/13/16,38.05
9/14/16,38.05
9/15/16,38.48
9/16/16,38.93
9/19/16,38.76
9/20/16,39.01
9/21/16,39.49
9/22/16,40.24
9/23/16,40.29
9/26/16,39.96
9/27/16,40.81
9/28/16,41.44
9/29/16,41.45
9/30/16,41.87
10/3/16,41.84
10/4/16,41.70
10/5/16,42.22
10/6/16,42.08
10/7/16,41.97
10/10/16,42.09
10/11/16,41.55
10/12/16,41.70
10/13/16,41.46
10/14/16,41.15
10/17/16,40.65
10/18/16,40.88
10/19/16,40.88
10/20/16,40.52
10/21/16,40.95
10/24/16,41.90
10/25/16,41.76
10/26/16,41.13
10/27/16,40.92
10/28/16,38.82
10/31/16,39.49
11/1/16,39.27
11/2/16,38.28
11/3/16,38.35
11/4/16,37.75
11/7/16,39.25
11/8/16,39.39
11/9/16,38.59
11/10/16,37.12
11/11/16,36.95
11/14/16,35.95
11/15/16,37.16
11/16/16,37.32
11/17/16,37.82
11/18/16,38.01
11/21/16,39.00
11/22/16,39.27
11/23/16,39.01
11/25/16,39.02
11/28/16,38.34
11/29/16,38.13
11/30/16,37.53
12/1/16,37.18
12/2/16,37.02
12/5/16,37.97
12/6/16,38.24
12/7/16,38.52
12/8/16,38.37
12/9/16,38.43
12/12/16,38.01
12/13/16,38.72
12/14/16,38.44
12/15/16,38.05
12/16/16,37.89
12/19/16,38.30
12/20/16,38.56
12/21/16,38.53
12/22/16,38.32
12/23/16,38.03
12/27/16,38.57
12/28/16,38.61
12/29/16,38.26
12/30/16,37.49
1/3/17,37.68
1/4/17,37.86
1/5/17,39.02
1/6/17,39.80
1/9/17,39.85
1/10/17,39.79
1/11/17,39.95
1/12/17,40.68
1/13/17,40.86
1/17/17,40.49
1/18/17,40.37
1/19/17,40.45
1/20/17,40.42
1/23/17,40.89
1/24/17,41.12
1/25/17,41.83
1/26/17,41.96
1/27/17,41.79
1/30/17,41.52
1/31/17,41.17
2/1/17,41.62
2/2/17,42.00
2/3/17,40.51
2/6/17,40.38
2/7/17,40.63
2/8/17,40.99
2/9/17,41.07
2/10/17,41.37
2/13/17,41.83
2/14/17,41.82
2/15/17,42.13
2/16/17,42.21
2/17/17,42.25
2/21/17,42.82
2/22/17,42.78
2/23/17,42.61
2/24/17,42.26
2/27/17,42.43
2/28/17,42.25
3/1/17,42.65
3/2/17,42.45
3/3/17,42.49
3/6/17,42.33
3/7/17,42.30
3/8/17,42.53
3/9/17,42.65
3/10/17,42.62
3/13/17,42.73
3/14/17,42.63
3/15/17,42.65
3/16/17,42.67
3/17/17,42.62
3/20/17,42.85
3/21/17,42.16
3/22/17,42.40
3/23/17,42.37
3/24/17,42.28
3/27/17,42.34
3/28/17,42.80
3/29/17,43.72
3/30/17,43.82
3/31/17,44.33
4/3/17,44.58
4/4/17,45.34
4/5/17,45.46
4/6/17,44.91
4/7/17,44.74
4/10/17,45.35
4/11/17,45.12
4/12/17,44.81
4/13/17,44.23
4/17/17,45.10
4/18/17,45.19
4/19/17,44.96
4/20/17,45.10
4/21/17,44.93
4/24/17,45.37
4/25/17,45.38
4/26/17,45.46
4/27/17,45.92
4/28/17,46.25
5/1/17,47.41
5/2/17,47.35
5/3/17,47.05
5/4/17,46.88
5/5/17,46.71
5/8/17,47.45
5/9/17,47.64
5/10/17,47.45
5/11/17,47.38
5/12/17,48.07
5/15/17,47.90
5/16/17,48.30
5/17/17,47.24
5/18/17,47.92
5/19/17,47.99
5/22/17,48.53
5/23/17,48.58
5/24/17,49.02
5/25/17,49.67
5/26/17,49.79
5/30/17,49.83
5/31/17,49.73
6/1/17,49.80
6/2/17,50.34
6/5/17,50.57
6/6/17,50.15
6/7/17,50.50
6/8/17,50.51
6/9/17,48.92
6/12/17,48.25
6/13/17,49.04
6/14/17,48.82
6/15/17,48.21
6/16/17,49.39
6/19/17,49.76
6/20/17,49.63
6/21/17,50.11
6/22/17,50.06
6/23/17,50.19
6/26/17,49.70
6/27/17,48.84
6/28/17,49.52
6/29/17,48.80
6/30/17,48.40
7/3/17,47.68
7/5/17,48.57
7/6/17,48.26
7/7/17,48.94
7/10/17,49.82
7/11/17,49.71
7/12/17,50.33
7/13/17,50.03
7/14/17,50.09
7/17/17,50.50
7/18/17,51.22
7/19/17,51.34
7/20/17,51.44
7/21/17,51.28
7/24/17,51.95
7/25/17,51.99
7/26/17,52.64
7/27/17,52.30
7/28/17,51.00
7/31/17,49.39
8/1/17,49.81
8/2/17,49.79
8/3/17,49.35
8/4/17,49.38
8/7/17,49.61
8/8/17,49.49
8/9/17,49.10
8/10/17,47.85
8/11/17,48.40
8/14/17,49.17
8/15/17,49.14
8/16/17,48.91
8/17/17,48.03
8/18/17,47.92
8/21/17,47.66
8/22/17,48.35
8/23/17,47.90
8/24/17,47.62
8/25/17,47.26
8/28/17,47.30
8/29/17,47.70
8/30/17,48.38
8/31/17,49.03
9/1/17,48.91
9/5/17,48.26
9/6/17,48.39
9/7/17,48.97
9/8/17,48.29
9/11/17,48.90
9/12/17,49.13
9/13/17,49.98
9/14/17,49.61
9/15/17,49.34
9/18/17,48.71
9/19/17,48.49
9/20/17,48.66
9/21/17,48.23
9/22/17,47.76
9/25/17,46.99
9/26/17,46.93
9/27/17,47.54
9/28/17,47.82
9/29/17,48.07
10/2/17,47.96
10/3/17,47.86
10/4/17,48.27
10/5/17,49.04
10/6/17,49.48
10/9/17,49.55
10/10/17,49.36
10/11/17,49.75
10/12/17,50.05
10/13/17,50.15
10/16/17,50.32
10/17/17,50.46
10/18/17,49.85
10/19/17,49.33
10/20/17,49.15
10/23/17,48.31
10/24/17,48.79
10/25/17,48.65
10/26/17,48.62
10/27/17,55.05
10/30/17,55.54
10/31/17,55.26
11/1/17,55.18
11/2/17,54.71
11/3/17,55.58
11/6/17,56.03
11/7/17,56.16
11/8/17,56.64
11/9/17,56.46
11/10/17,56.27
11/13/17,56.46
11/14/17,56.84
11/15/17,56.33
11/16/17,56.86
11/17/17,56.49
11/20/17,56.32
11/21/17,56.97
11/22/17,57.81
11/24/17,59.30
11/27/17,59.79
11/28/17,59.68
11/29/17,58.06
11/30/17,58.84
12/1/17,58.12
12/4/17,56.70
12/5/17,57.08
12/6/17,57.62
12/7/17,57.99
12/8/17,58.10
12/11/17,58.45
12/12/17,58.25
12/13/17,58.21
12/14/17,58.71
12/15/17,58.96
12/18/17,59.53
12/19/17,59.37
12/20/17,58.88
12/21/17,58.74
12/22/17,58.42
12/26/17,58.84
12/27/17,59.11
12/28/17,59.31
12/29/17,58.47
1/2/18,59.45
1/3/18,60.21
1/4/18,60.48
1/5/18,61.46
1/8/18,62.34
1/9/18,62.63
1/10/18,62.72
1/11/18,63.83
1/12/18,65.26
1/16/18,65.24
1/17/18,64.75
1/18/18,64.67
1/19/18,64.73
1/22/18,66.37
1/23/18,68.13
1/24/18,67.88
1/25/18,68.90
1/26/18,70.10
1/29/18,70.88
1/30/18,71.89
1/31/18,72.54
2/1/18,69.50
2/2/18,71.50
2/5/18,69.50
2/6/18,72.14
2/7/18,70.84
2/8/18,67.53
2/9/18,66.98
2/12/18,69.31
2/13/18,70.73
2/14/18,72.55
2/15/18,73.09
2/16/18,72.43
2/20/18,73.42
2/21/18,74.15
2/22/18,74.27
2/23/18,75.00
2/26/18,76.10
2/27/18,75.60
2/28/18,75.62
3/1/18,74.67
3/2/18,75.01
3/5/18,76.18
3/6/18,76.88
3/7/18,77.25
3/8/18,77.59
3/9/18,78.94
3/12/18,79.92
3/13/18,79.41
3/14/18,79.55
3/15/18,79.12
3/16/18,78.58
3/19/18,77.25
3/20/18,79.33
3/21/18,79.09
3/22/18,77.25
3/23/18,74.78
3/26/18,77.79
3/27/18,74.85
3/28/18,71.57
3/29/18,72.37
4/2/18,68.60
4/3/18,69.60
4/4/18,70.53
4/5/18,72.59
4/6/18,70.26
4/9/18,70.30
4/10/18,71.81
4/11/18,71.35
4/12/18,72.43
4/13/18,71.54
4/16/18,72.07
4/17/18,75.19
4/18/18,76.39
4/19/18,77.85
4/20/18,76.37
4/23/18,75.89
4/24/18,73.00
4/25/18,73.01
4/26/18,75.90
4/27/18,78.63
4/30/18,78.31
5/1/18,79.11
5/2/18,78.48
5/3/18,78.60
5/4/18,79.05
5/7/18,80.01
5/8/18,79.62
5/9/18,80.40
5/10/18,80.45
5/11/18,80.15
5/14/18,80.08
5/15/18,78.81
5/16/18,79.36
5/17/18,79.09
5/18/18,78.72
5/21/18,79.27
5/22/18,79.07
5/23/18,80.09
5/24/18,80.15
5/25/18,80.51
5/29/18,80.64
5/30/18,81.24
5/31/18,81.48
6/1/18,82.08
6/4/18,83.26
6/5/18,84.82
6/6/18,84.79
6/7/18,84.46
6/8/18,84.20
6/11/18,84.46
6/12/18,84.94
6/13/18,85.24
6/14/18,86.19
6/15/18,85.80
6/18/18,86.19
6/19/18,86.74
6/20/18,87.50
6/21/18,86.51
6/22/18,85.78
6/25/18,83.16
6/26/18,84.55
6/27/18,83.03
6/28/18,85.07
6/29/18,84.99
7/2/18,85.69
7/3/18,84.70
7/5/18,84.99
7/6/18,85.53
7/9/18,86.95
7/10/18,87.15
7/11/18,87.75
7/12/18,89.83
7/13/18,90.65
7/16/18,91.12
7/17/18,92.20
7/18/18,92.15
7/19/18,90.65
7/20/18,90.68
7/23/18,90.10
7/24/18,91.46
7/25/18,93.18
7/26/18,90.40
7/27/18,90.86
7/30/18,88.96
7/31/18,88.87
8/1/18,89.86
8/2/18,91.72
8/3/18,91.16
8/6/18,92.39
8/7/18,93.12
8/8/18,94.33
8/9/18,94.93
8/10/18,94.32
8/13/18,94.81
8/14/18,95.98
8/15/18,94.13
8/16/18,94.33
8/17/18,94.11
8/20/18,93.84
8/21/18,94.17
8/22/18,95.25
8/23/18,95.14
8/24/18,95.27
8/27/18,96.38
8/28/18,96.64
8/29/18,99.90
8/30/18,100.12
8/31/18,100.64
9/4/18,101.98
9/5/18,99.74
9/6/18,97.92
9/7/18,97.60
9/10/18,96.95
9/11/18,99.36
9/12/18,99.50
9/13/18,99.49
9/14/18,98.51
9/17/18,95.40
9/18/18,97.05
9/19/18,96.32
9/20/18,97.21
9/21/18,95.75
9/24/18,96.72
9/25/18,98.73
9/26/18,98.74
9/27/18,100.65
9/28/18,100.15
10/1/18,100.22
10/2/18,98.57
10/3/18,97.64
10/4/18,95.47
10/5/18,94.48
10/8/18,93.22
10/9/18,93.52
10/10/18,87.76
10/11/18,85.97
10/12/18,89.43
10/15/18,88.05
10/16/18,91.00
10/17/18,91.59
10/18/18,88.54
10/19/18,88.20
10/22/18,89.46
10/23/18,88.43
10/24/18,83.21
10/25/18,89.11
10/26/18,82.14
10/29/18,76.94
10/30/18,76.52
10/31/18,79.90
11/1/18,83.28
11/2/18,83.28
11/5/18,81.39
11/6/18,82.14
11/7/18,87.77
11/8/18,87.75
11/9/18,85.62
11/12/18,81.84
11/13/18,81.56
11/14/18,79.95
11/15/18,80.97
11/16/18,79.67
11/19/18,75.61
11/20/18,74.77
11/21/18,75.84
11/23/18,75.10
11/26/18,79.07
11/27/18,79.07
11/28/18,83.89
11/29/18,83.68
11/30/18,84.51
12/3/18,88.62
12/4/18,83.42
12/6/18,84.96
12/7/18,81.46
12/10/18,82.05
12/11/18,82.16
12/12/18,83.18
12/13/18,82.92
12/14/18,79.60
12/17/18,76.05
12/18/18,77.57
12/19/18,74.75
12/20/18,73.04
12/21/18,68.87
12/24/18,67.20
12/26/18,73.54
12/27/18,73.08
12/28/18,73.90
12/31/18,75.10
1/2/19,76.96
1/3/19,75.01
1/4/19,78.77
1/7/19,81.48
1/8/19,82.83
1/9/19,82.97
1/10/19,82.81
1/11/19,82.03
1/14/19,80.86
1/15/19,83.73
1/16/19,84.19
1/17/19,84.66
1/18/19,84.81
1/22/19,81.61
1/23/19,82.00
1/24/19,82.75
1/25/19,83.53
1/28/19,81.89
1/29/19,79.69
1/30/19,83.52
1/31/19,85.94
2/1/19,81.31
2/4/19,81.67
2/5/19,82.94
2/6/19,82.01
2/7/19,80.72
2/8/19,79.41
2/11/19,79.55
2/12/19,81.90
2/13/19,82.00
2/14/19,81.13
2/15/19,80.40
2/19/19,81.38
2/20/19,81.11
2/21/19,80.97
2/22/19,81.58
2/25/19,81.65
2/26/19,81.82
2/27/19,82.05
2/28/19,81.99
3/1/19,83.59
3/4/19,84.81
3/5/19,84.62
3/6/19,83.45
3/7/19,81.30
3/8/19,81.04
3/11/19,83.53
3/12/19,83.65
3/13/19,84.54
3/14/19,84.31
3/15/19,85.62
3/18/19,87.11
3/19/19,88.09
3/20/19,89.86
3/21/19,90.96
3/22/19,88.24
3/25/19,88.71
3/26/19,89.19
3/27/19,88.29
3/28/19,88.67
3/29/19,89.04
4/1/19,90.71
4/2/19,90.70
4/3/19,91.04
4/4/19,90.94
4/5/19,91.86
4/8/19,92.49
4/9/19,91.79
4/10/19,92.37
4/11/19,92.20
4/12/19,92.15
4/15/19,92.24
4/16/19,93.15
4/17/19,93.24
4/18/19,93.08
4/22/19,94.37
4/23/19,96.19
4/24/19,95.09
4/25/19,95.11
4/26/19,97.53
4/29/19,96.92
4/30/19,96.33
5/1/19,95.58
5/2/19,95.04
5/3/19,98.12
5/6/19,97.53
5/7/19,96.05
5/8/19,95.89
5/9/19,94.99
5/10/19,94.50
5/13/19,91.13
5/14/19,92.01
5/15/19,93.56
5/16/19,95.38
5/17/19,93.45
5/20/19,92.95
5/21/19,92.88
5/22/19,92.98
5/23/19,90.77
5/24/19,91.16
5/28/19,91.82
5/29/19,90.96
5/30/19,90.82
5/31/19,88.75
6/3/19,84.63
6/4/19,86.48
6/5/19,86.93
6/6/19,87.72
6/7/19,90.20
6/10/19,93.03
6/11/19,93.18
6/12/19,92.77
6/13/19,93.51
6/14/19,93.48
6/17/19,94.30
6/18/19,95.07
6/19/19,95.44
6/20/19,95.91
6/21/19,95.57
6/24/19,95.70
6/25/19,93.91
6/26/19,94.89
6/27/19,95.21
6/28/19,94.68
7/1/19,96.11
7/2/19,96.72
7/3/19,96.95
7/5/19,97.15
7/8/19,97.62
7/9/19,99.42
7/10/19,100.87
7/11/19,100.05
7/12/19,100.55
7/15/19,101.05
7/16/19,100.50
7/17/19,99.60
7/18/19,98.89
7/19/19,98.23
7/22/19,99.28
7/23/19,99.72
7/24/19,100.04
7/25/19,98.69
7/26/19,97.15
7/29/19,95.62
7/30/19,94.93
7/31/19,93.34
8/1/19,92.77
8/2/19,91.16
8/5/19,88.26
8/6/19,89.39
8/7/19,89.67
8/8/19,91.64
8/9/19,90.38
8/12/19,89.25
8/13/19,91.22
8/14/19,88.15
8/15/19,88.81
8/16/19,89.63
8/19/19,90.81
8/20/19,90.07
8/21/19,91.18
8/22/19,90.23
8/23/19,87.48
8/26/19,88.44
8/27/19,88.09
8/28/19,88.21
8/29/19,89.32
8/30/19,88.81
9/3/19,89.49
9/4/19,90.03
9/5/19,92.04
9/6/19,91.68
9/9/19,91.57
9/10/19,91.03
9/11/19,91.15
9/12/19,92.18
9/13/19,91.97
9/16/19,90.39
9/17/19,91.13
9/18/19,90.87
9/19/19,91.07
9/20/19,89.71
9/23/19,89.26
9/24/19,87.08
9/25/19,88.42
9/26/19,86.99
9/27/19,86.27
9/30/19,86.80
10/1/19,86.78
10/2/19,85.66
10/3/19,86.22
10/4/19,86.98
10/7/19,86.63
10/8/19,85.28
10/9/19,86.10
10/10/19,86.01
10/11/19,86.60
10/14/19,86.82
10/15/19,88.37
10/16/19,88.87
10/17/19,89.37
10/18/19,87.88
10/21/19,89.28
10/22/19,88.29
10/23/19,88.11
10/24/19,89.04
10/25/19,88.07
10/28/19,88.85
10/29/19,88.14
10/30/19,89.00
10/31/19,88.83
11/1/19,89.57
11/4/19,90.23
11/5/19,90.09
11/6/19,89.79
11/7/19,89.41
11/8/19,89.29
11/11/19,88.58
11/12/19,88.90
11/13/19,87.66
11/14/19,87.73
11/15/19,86.97
11/18/19,87.63
11/19/19,87.64
11/20/19,87.28
11/21/19,86.74
11/22/19,87.29
11/25/19,88.69
11/26/19,89.85
11/27/19,90.93
11/29/19,90.04
12/2/19,89.08
12/3/19,88.50
12/4/19,88.03
12/5/19,87.02
12/6/19,87.58
12/9/19,87.48
12/10/19,86.96
12/11/19,87.44
12/12/19,88.02
12/13/19,88.05
12/16/19,88.46
12/17/19,89.53
12/18/19,89.20
12/19/19,89.61
12/20/19,89.32
12/23/19,89.65
12/24/19,89.46
12/26/19,93.44
12/27/19,93.49
12/30/19,92.34
12/31/19,92.39
1/2/20,94.90
1/3/20,93.75
1/6/20,95.14
1/7/20,95.34
1/8/20,94.60
1/9/20,95.05
1/10/20,94.16
1/13/20,94.57
1/14/20,93.47
1/15/20,93.10
1/16/20,93.90
1/17/20,93.24
1/21/20,94.60
1/22/20,94.37
1/23/20,94.23
1/24/20,93.08
1/27/20,91.42
1/28/20,92.66
1/29/20,92.90
1/30/20,93.53
1/31/20,100.44
2/3/20,100.21
2/4/20,102.48
2/5/20,101.99
2/6/20,102.51
2/7/20,103.96
2/10/20,106.70
2/11/20,107.54
2/12/20,108.00
2/13/20,107.49
2/14/20,106.74
2/18/20,107.78
2/19/20,108.51
2/20/20,107.65
2/21/20,104.80
2/24/20,100.46
2/25/20,98.64
2/26/20,98.98
2/27/20,94.21
2/28/20,94.19
3/2/20,97.70
3/3/20,95.45
3/4/20,98.79
3/5/20,96.20
3/6/20,95.05
3/9/20,90.03
3/10/20,94.59
3/11/20,91.04
3/12/20,83.83
3/13/20,89.25
3/16/20,84.46
3/17/20,90.39
3/18/20,91.50
3/19/20,94.05
3/20/20,92.30
3/23/20,95.14
3/24/20,97.00
3/25/20,94.29
3/26/20,97.77
3/27/20,95.00
3/30/20,98.20
3/31/20,97.49
4/1/20,95.39
4/2/20,95.94
4/3/20,95.33
4/6/20,99.88
4/7/20,100.58
4/8/20,102.15
4/9/20,102.14
4/13/20,108.44
4/14/20,114.17
4/15/20,115.38
4/16/20,120.41
4/17/20,118.75
4/20/20,119.68
4/21/20,116.41
4/22/20,118.17
4/23/20,119.97
4/24/20,120.51
4/27/20,118.80
4/28/20,115.70
4/29/20,118.64
4/30/20,123.70
5/1/20,114.30
5/4/20,115.80
5/5/20,115.89
5/6/20,117.56
5/7/20,118.38
5/8/20,118.98
5/11/20,120.45
5/12/20,117.85
5/13/20,118.40
5/14/20,119.44
5/15/20,120.49
5/18/20,121.31
5/19/20,122.47
5/20/20,124.90
5/21/20,122.34
5/22/20,121.84
5/26/20,121.09
5/27/20,120.52
5/28/20,120.06
5/29/20,122.12
6/1/20,123.55
6/2/20,123.62
6/3/20,123.92
6/4/20,123.03
6/5/20,124.15
6/8/20,126.20
6/9/20,130.04
6/10/20,132.37
6/11/20,127.90
6/12/20,127.25
6/15/20,128.63
6/16/20,130.76
6/17/20,132.05
6/18/20,132.70
6/19/20,133.75
6/22/20,135.69
6/23/20,138.22
6/24/20,136.72
6/25/20,137.73
6/26/20,134.64
6/29/20,134.02
6/30/20,137.94
7/1/20,143.93
7/2/20,144.51
7/6/20,152.85
7/7/20,150.01
7/8/20,154.06
7/9/20,159.13
7/10/20,160.00
7/13/20,155.20
7/14/20,154.20
7/15/20,150.44
7/16/20,149.99
7/17/20,148.10
7/20/20,159.84
7/21/20,156.91
7/22/20,155.00
7/23/20,149.33
7/24/20,150.45
7/27/20,152.76
7/28/20,150.02
7/29/20,151.68
7/30/20,152.59
7/31/20,158.23
8/3/20,155.59
8/4/20,156.94
8/5/20,160.25
8/6/20,161.25
8/7/20,158.37
8/10/20,157.41
8/11/20,154.03
8/12/20,158.11
8/13/20,158.05
8/14/20,157.40
8/17/20,159.12
8/18/20,165.62
8/19/20,163.02
8/20/20,164.87
8/21/20,164.24
8/24/20,165.37
8/25/20,167.32
8/26/20,172.09
8/27/20,170.00
8/28/20,170.09
8/31/20,172.55
9/1/20,174.96
9/2/20,176.57
9/3/20,168.40
9/4/20,164.73
9/8/20,157.49
9/9/20,163.43
9/10/20,158.76
9/11/20,155.81
9/14/20,155.15
9/15/20,157.81
9/16/20,153.90
9/17/20,150.44
9/18/20,147.75
9/21/20,148.02
9/22/20,156.45
9/23/20,149.99
9/24/20,150.99
9/25/20,154.76
9/28/20,158.70
9/29/20,157.24
9/30/20,157.44
10/1/20,161.06
10/2/20,156.25
10/5/20,159.96
10/6/20,155.00
10/7/20,159.78
10/8/20,159.53
10/9/20,164.33
10/12/20,172.15
10/13/20,172.18
10/14/20,168.19
10/15/20,166.93
10/16/20,163.64
10/19/20,160.36
10/20/20,160.85
10/21/20,159.25
10/22/20,158.82
10/23/20,160.22
10/26/20,160.35
10/27/20,164.32
10/28/20,158.14
10/29/20,160.55
10/30/20,151.81
11/2/20,150.22
11/3/20,152.42
11/4/20,162.06
11/5/20,166.10
11/6/20,165.57
11/9/20,157.19
11/10/20,151.75
11/11/20,156.87
11/12/20,155.51
11/13/20,156.44
11/16/20,156.55
11/17/20,156.78
11/18/20,155.27
11/19/20,155.85
11/20/20,154.97
11/23/20,154.92
11/24/20,155.90
11/25/20,159.25
11/27/20,159.77
11/30/20,158.40
12/1/20,161.00
12/2/20,160.18
12/3/20,159.34
12/4/20,158.13
12/7/20,157.90
12/8/20,158.86
12/9/20,155.21
12/10/20,155.07
12/11/20,155.82
12/14/20,157.85
12/15/20,158.26
12/16/20,162.05
12/17/20,161.80
12/18/20,160.08
12/21/20,160.31
12/22/20,160.33
12/23/20,159.26
12/24/20,158.63
12/28/20,164.20
12/29/20,166.10
12/30/20,164.29
12/31/20,162.85
1/4/21,159.33
1/5/21,160.93
1/6/21,156.92
1/7/21,158.11
1/8/21,159.13
1/11/21,155.71
1/12/21,156.04
1/13/21,158.29
1/14/21,156.37
1/15/21,155.21
1/19/21,156.04
1/20/21,163.17
1/21/21,165.35
1/22/21,164.61
1/25/21,164.70
1/26/21,166.31
1/27/21,161.63
1/28/21,161.88
1/29/21,160.31
2/1/21,167.14
2/2/21,169.00
2/3/21,165.63
2/4/21,166.55
2/5/21,167.61
2/8/21,166.15
2/9/21,165.25
2/10/21,164.33
2/11/21,163.11
2/12/21,163.89
2/16/21,163.45
2/17/21,165.43
2/18/21,166.41
2/19/21,162.49
2/22/21,159.04
2/23/21,159.73
2/24/21,157.98
2/25/21,152.86
2/26/21,154.65
3/1/21,157.31
3/2/21,154.73
3/3/21,150.25
3/4/21,148.88
3/5/21,150.02
3/8/21,147.60
3/9/21,153.14
3/10/21,152.88
3/11/21,155.68
3/12/21,154.47
3/15/21,154.08
3/16/21,154.59
3/17/21,156.79
3/18/21,151.40
3/19/21,153.75
3/22/21,155.54
3/23/21,156.88
3/24/21,154.35
3/25/21,152.31
3/26/21,152.60
3/29/21,153.79
3/30/21,152.76
3/31/21,154.70
4/1/21,158.05
4/5/21,161.34
4/6/21,161.19
4/7/21,163.97
4/8/21,164.96
4/9/21,168.61
4/12/21,168.97
4/13/21,170.00
4/14/21,166.65
4/15/21,168.95
4/16/21,169.97
4/19/21,168.60
4/20/21,166.73
4/21/21,168.10
4/22/21,165.45
4/23/21,167.04
4/26/21,170.45
4/27/21,170.87
4/28/21,172.93
4/29/21,173.57
4/30/21,173.37
5/3/21,169.32
5/4/21,165.59
5/5/21,163.53
5/6/21,165.32
5/7/21,164.58
5/10/21,159.52
5/11/21,161.20
5/12/21,157.60
5/13/21,158.07
5/14/21,161.15
5/17/21,163.52
5/18/21,161.61
5/19/21,161.59
5/20/21,162.38
5/21/21,160.15
5/24/21,162.25
5/25/21,162.95
5/26/21,163.26
5/27/21,161.51
5/28/21,161.15
6/1/21,160.93
6/2/21,161.70
6/3/21,159.35
6/4/21,160.31
6/7/21,159.90
6/8/21,163.21
6/9/21,164.06
6/10/21,167.48
6/11/21,167.34
6/14/21,169.19
6/15/21,169.16
6/16/21,170.76
6/17/21,174.46
6/18/21,174.35
6/21/21,172.70
6/22/21,175.27
6/23/21,175.19
6/24/21,172.45
6/25/21,170.07
6/28/21,172.19
6/29/21,172.41
6/30/21,172.01
7/1/21,171.65
7/2/21,175.55
7/6/21,183.79
7/7/21,184.83
7/8/21,186.57
7/9/21,185.97
7/12/21,185.93
7/13/21,183.87
7/14/21,184.08
7/15/21,181.56
7/16/21,178.68
7/19/21,177.48
7/20/21,178.66
7/21/21,179.26
7/22/21,181.90
7/23/21,182.83
7/26/21,184.99
7/27/21,181.32
7/28/21,181.52
7/29/21,180.00
7/30/21,166.38
8/2/21,166.57
8/3/21,168.31
8/4/21,167.74
8/5/21,168.80
8/6/21,167.25
8/9/21,167.09
8/10/21,166.03
8/11/21,164.61
8/12/21,165.18
8/13/21,164.70
8/16/21,164.95
8/17/21,162.10
8/18/21,160.06
8/19/21,159.39
8/20/21,160.00
8/23/21,163.29
8/24/21,165.29
8/25/21,164.96
8/26/21,165.80
8/27/21,167.48
8/30/21,171.08
8/31/21,173.54
9/1/21,173.95
9/2/21,173.16
9/3/21,173.90
9/7/21,175.46
9/8/21,176.27
9/9/21,174.21
9/10/21,173.46
9/13/21,172.86
9/14/21,172.50
9/15/21,173.79
9/16/21,174.41
9/17/21,173.13
9/20/21,167.79
9/21/21,167.18
9/22/21,169.00
9/23/21,170.80
9/24/21,171.28
9/27/21,170.29
9/28/21,165.80
9/29/21,165.06
9/30/21,164.25
10/1/21,164.16
10/4/21,159.49
10/5/21,161.05
10/6/21,163.10
10/7/21,165.12
10/8/21,164.43
10/11/21,162.32
10/12/21,162.37
10/13/21,164.21
10/14/21,164.99
10/15/21,170.45
10/18/21,172.34
10/19/21,172.21
10/20/21,170.75
10/21/21,171.75
10/22/21,166.78
10/25/21,166.02
10/26/21,168.80
10/27/21,169.62
10/28/21,172.33
10/29/21,168.62
11/1/21,165.91
11/2/21,165.64
11/3/21,169.20
11/4/21,173.85
11/5/21,175.95
11/8/21,174.45
11/9/21,178.81
11/10/21,174.10
11/11/21,173.63
11/12/21,176.26
11/15/21,177.28
11/16/21,177.04
11/17/21,177.45
11/18/21,184.80
11/19/21,183.83
11/22/21,178.63
11/23/21,179.00
11/24/21,179.02
11/26/21,175.23
11/29/21,178.08
11/30/21,175.35
12/1/21,172.19
12/2/21,171.87
12/3/21,169.49
12/6/21,171.37
12/7/21,176.16
12/8/21,176.16
12/9/21,174.17
12/10/21,172.21
12/13/21,169.57
12/14/21,169.09
12/15/21,173.32
12/16/21,168.87
12/17/21,170.02
12/20/21,167.08
12/21/21,170.42
12/22/21,171.04
12/23/21,171.07
12/27/21,169.67
12/28/21,170.66
12/29/21,169.20
12/30/21,168.64
12/31/21,166.72
1/3/22,170.40
1/4/22,167.52
1/5/22,164.36
1/6/22,163.25
1/7/22,162.55
1/10/22,161.49
1/11/22,165.36
1/12/22,165.21
1/13/22,161.21
1/14/22,162.14
1/18/22,158.92
1/19/22,156.30
1/20/22,151.67
1/21/22,142.64
1/24/22,144.54
1/25/22,139.99
1/26/22,138.87
1/27/22,139.64
1/28/22,143.98
1/31/22,149.57
2/1/22,151.19
2/2/22,150.61
2/3/22,138.85
2/4/22,157.64
2/7/22,157.94
2/8/22,161.41
2/9/22,161.19
2/10/22,159.00
2/11/22,153.29
2/14/22,155.17
2/15/22,156.51
2/16/22,158.10
2/17/22,154.65
2/18/22,152.60
2/22/22,150.20
2/23/22,144.83
2/24/22,151.36
2/25/22,153.79
2/28/22,153.56
3/1/22,151.14
3/2/22,152.05
3/3/22,147.90
3/4/22,145.64
3/7/22,137.45
3/8/22,136.01
3/9/22,139.28
3/10/22,146.82
3/11/22,145.52
3/14/22,141.85
3/15/22,147.37
3/16/22,153.10
3/17/22,157.24
3/18/22,161.25
3/21/22,161.49
3/22/22,164.89
3/23/22,163.41
3/24/22,163.65
3/25/22,164.77
3/28/22,168.99
3/29/22,169.32
3/30/22,166.30
3/31/22,163.00
4/1/22,163.56
4/4/22,168.35
4/5/22,164.05
4/6/22,158.76
4/7/22,157.78
4/8/22,154.46
4/11/22,151.12
4/12/22,150.79
4/13/22,155.54
4/14/22,151.71
4/18/22,152.79
4/19/22,158.12
4/20/22,154.00
4/21/22,148.30
4/22/22,144.35
4/25/22,146.07
4/26/22,139.39
4/27/22,138.17
4/28/22,144.60
4/29/22,124.28
5/2/22,124.50
5/3/22,124.25
5/4/22,125.93
5/5/22,116.41
5/6/22,114.77
5/9/22,108.79
5/10/22,108.86
5/11/22,105.37
5/12/22,106.93
5/13/22,113.06
5/16/22,110.81
5/17/22,115.37
5/18/22,107.11
5/19/22,107.32
5/20/22,107.59
5/23/22,107.56
5/24/22,104.10
5/25/22,106.78
5/26/22,111.08
5/27/22,115.15
5/31/22,120.21
6/1/22,121.68
6/2/22,125.51
6/3/22,122.35
6/6/22,124.79
6/7/22,123.00
6/8/22,121.18
6/9/22,116.15
6/10/22,109.65
6/13/22,103.67
6/14/22,102.31
6/15/22,107.67
6/16/22,103.66
6/17/22,106.22
6/21/22,108.68
6/22/22,108.95
6/23/22,112.44
6/24/22,116.46
6/27/22,113.22
6/28/22,107.40
6/29/22,108.92
6/30/22,106.21
7/1/22,109.56
7/5/22,113.50
7/6/22,114.33
7/7/22,116.33
7/8/22,115.54
7/11/22,111.75
7/12/22,109.22
7/13/22,110.40
7/14/22,110.63
7/15/22,113.55
7/18/22,113.76
7/19/22,118.21
7/20/22,122.77
7/21/22,124.63
7/22/22,122.42
7/25/22,121.14
7/26/22,114.81
7/27/22,120.97
7/28/22,122.28
7/29/22,134.95
8/1/22,135.39
8/2/22,134.16
8/3/22,139.52
8/4/22,142.57
8/5/22,140.80
8/8/22,139.41
8/9/22,137.83
8/10/22,142.69
8/11/22,140.64
8/12/22,143.55
8/15/22,143.18
8/16/22,144.78
8/17/22,142.10
8/18/22,142.30
8/19/22,138.23
8/22/22,133.22
8/23/22,133.62
8/24/22,133.80
8/25/22,137.28
8/26/22,130.75
8/29/22,129.79
8/30/22,128.73
8/31/22,126.77
9/1/22,127.82
9/2/22,127.51
9/6/22,126.11
9/7/22,129.48
9/8/22,129.82
9/9/22,133.27
9/12/22,136.45
9/13/22,126.82
9/14/22,128.55
9/15/22,126.28
9/16/22,123.53
9/19/22,124.66
9/20/22,122.19
9/21/22,118.54
9/22/22,117.31
9/23/22,113.78
9/26/22,115.15
9/27/22,114.41
9/28/22,118.01
9/29/22,114.80
9/30/22,113.00
10/3/22,115.88
10/4/22,121.09
10/5/22,120.95
10/6/22,120.30
10/7/22,114.56
10/10/22,113.67
10/11/22,112.21
10/12/22,112.90
10/13/22,112.53
10/14/22,106.90
10/17/22,113.79
10/18/22,116.36
10/19/22,115.07
10/20/22,115.25
10/21/22,119.32
10/24/22,119.82
10/25/22,120.60
10/26/22,115.66
10/27/22,110.96
10/28/22,103.41
10/31/22,102.44
11/1/22,96.79
11/2/22,92.12
11/3/22,89.30
11/4/22,90.98
11/7/22,90.53
11/8/22,89.98
11/9/22,86.14
11/10/22,96.63
11/11/22,100.79
11/14/22,98.49
11/15/22,98.94
11/16/22,97.12
11/17/22,94.85
11/18/22,94.14
11/21/22,92.46
11/22/22,93.20
11/23/22,94.13
11/25/22,93.41
11/28/22,93.95
11/29/22,92.42
11/30/22,96.54
12/1/22,95.50
12/2/22,94.13
12/5/22,91.01
12/6/22,88.25
12/7/22,88.46
12/8/22,90.35
12/9/22,89.09
12/12/22,90.55
12/13/22,92.49
12/14/22,91.58
12/15/22,88.45
12/16/22,87.86
12/19/22,84.92
12/20/22,85.19
12/21/22,86.77
12/22/22,83.79
12/23/22,85.25
12/27/22,83.04
12/28/22,81.82
12/29/22,84.18
12/30/22,84.00
1/3/23,85.82
1/4/23,85.14
1/5/23,83.12
1/6/23,86.08
1/9/23,87.36
1/10/23,89.87
1/11/23,95.09
1/12/23,95.27
1/13/23,98.12
1/17/23,96.05
1/18/23,95.46
1/19/23,93.68
1/20/23,97.25
1/23/23,97.52
1/24/23,96.32
1/25/23,97.18
1/26/23,99.22
1/27/23,102.24
1/30/23,100.55
1/31/23,103.13
2/1/23,105.15
2/2/23,112.91
2/3/23,103.39
2/6/23,102.18
2/7/23,102.11
2/8/23,100.05
2/9/23,98.24
2/10/23,97.61
2/13/23,99.54
2/14/23,99.70
2/15/23,101.16
2/16/23,98.15
2/17/23,97.20
2/21/23,94.58
2/22/23,95.79
2/23/23,95.82
2/24/23,93.50
2/27/23,93.76
2/28/23,94.23
3/1/23,92.17
3/2/23,92.13
3/3/23,94.90
3/6/23,93.75
3/7/23,93.55
3/8/23,93.92
3/9/23,92.25
3/10/23,90.73
3/13/23,92.43
3/14/23,94.88
3/15/23,96.20
3/16/23,100.04
3/17/23,98.95
3/20/23,97.71
3/21/23,100.61
3/22/23,98.70
3/23/23,98.71
3/24/23,98.13
3/27/23,98.04
3/28/23,97.24
3/29/23,100.25
3/30/23,102.00
3/31/23,103.29
4/3/23,102.41
4/4/23,103.95
4/5/23,101.10
4/6/23,102.06
4/10/23,102.17
4/11/23,99.92
4/12/23,97.83
4/13/23,102.40
4/14/23,102.51
4/17/23,102.74
4/18/23,102.30
4/19/23,104.30
4/20/23,103.81
4/21/23,106.96
4/24/23,106.21
4/25/23,102.57
4/26/23,104.98
4/27/23,109.82
4/28/23,105.45
5/1/23,102.05
5/2/23,103.63
5/3/23,103.65
5/4/23,104.00
5/5/23,105.66
5/8/23,105.83
5/9/23,106.62
5/10/23,110.19
5/11/23,112.18
5/12/23,110.26
5/15/23,111.20
5/16/23,113.40
5/17/23,115.50
5/18/23,118.15
5/19/23,116.25
5/22/23,115.01
5/23/23,114.99
5/24/23,116.75
5/25/23,115.00
5/26/23,120.11
5/30/23,121.66
5/31/23,120.58
6/1/23,122.77
6/2/23,124.25
6/5/23,125.30
6/6/23,126.61
6/7/23,121.23
6/8/23,124.25
6/9/23,123.43
6/12/23,126.57
6/13/23,126.66
6/14/23,126.42
6/15/23,127.11
6/16/23,125.49
6/20/23,125.78
6/21/23,124.83
6/22/23,130.15
6/23/23,129.33
6/26/23,127.33
6/27/23,129.18
6/28/23,129.04
6/29/23,127.90
6/30/23,130.36
7/3/23,130.22
7/5/23,130.38
7/6/23,128.36
7/7/23,129.78
7/10/23,127.13
7/11/23,128.78
7/12/23,130.80
7/13/23,134.30
7/14/23,134.68
7/17/23,133.56
7/18/23,132.83
7/19/23,135.36
7/20/23,129.96
7/21/23,130.00
7/24/23,128.80
7/25/23,129.13
7/26/23,128.15
7/27/23,128.25
7/28/23,132.21
7/31/23,133.68
8/1/23,131.69
8/2/23,128.21
8/3/23,128.91
8/4/23,139.57
8/7/23,142.22
8/8/23,139.94
8/9/23,137.85
8/10/23,138.56
8/11/23,138.41
8/14/23,140.57
8/15/23,137.67
8/16/23,135.07
8/17/23,133.98
8/18/23,133.22
8/21/23,134.68
8/22/23,134.25
8/23/23,135.52
8/24/23,131.84
8/25/23,133.26
8/28/23,133.14
8/29/23,134.91
8/30/23,135.07
8/31/23,138.01
9/1/23,138.12
9/5/23,137.27
9/6/23,135.36
9/7/23,137.85
9/8/23,138.23
9/11/23,143.10
9/12/23,141.23
9/13/23,144.85
9/14/23,144.72
9/15/23,140.39
9/18/23,139.98
9/19/23,137.63
9/20/23,135.29
9/21/23,129.33
9/22/23,129.12
9/25/23,131.27
9/26/23,125.98
9/27/23,125.98
9/28/23,125.98
9/29/23,127.12
10/2/23,129.46
10/3/23,124.72
10/4/23,127.00
10/5/23,125.96
10/6/23,127.96
10/9/23,128.26
10/10/23,129.48
10/11/23,131.83
10/12/23,132.33
10/13/23,129.79
10/16/23,132.55
10/17/23,131.47
10/18/23,128.13
10/19/23,128.40
10/20/23,125.17
10/23/23,126.56
10/24/23,128.56
10/25/23,121.39
10/26/23,119.57
10/27/23,127.74
10/30/23,132.71
10/31/23,133.09
11/1/23,137.00
11/2/23,138.07
11/3/23,138.60
11/6/23,139.74
11/7/23,142.71
11/8/23,142.08
11/9/23,140.60
11/10/23,143.56
11/13/23,142.59
11/14/23,145.80
11/15/23,143.20
11/16/23,142.83
11/17/23,145.18
11/20/23,146.13
11/21/23,143.90
11/22/23,146.71
11/24/23,146.74
11/27/23,147.73
11/28/23,147.03
11/29/23,146.32
11/30/23,146.09
12/1/23,147.03
12/4/23,144.84
12/5/23,146.88
12/6/23,144.52
12/7/23,146.88
12/8/23,147.42
12/11/23,145.89
12/12/23,147.48
12/13/23,148.84
12/14/23,147.42
12/15/23,149.97
12/18/23,154.07
12/19/23,153.79
12/20/23,152.12
12/21/23,153.84
12/22/23,153.42
12/26/23,153.41
12/27/23,153.34
12/28/23,153.38
12/29/23,151.94
1/2/24,149.93
1/3/24,148.47
1/4/24,144.57
1/5/24,145.24
1/8/24,149.10
1/9/24,151.37
1/10/24,153.73
1/11/24,155.18
1/12/24,154.62
1/16/24,153.16
1/17/24,151.71
1/18/24,153.50
1/19/24,155.34
1/22/24,154.78
1/23/24,156.02
1/24/24,156.87
1/25/24,157.75
1/26/24,159.12
1/29/24,161.26
1/30/24,159.00
1/31/24,155.20
2/1/24,159.28
2/2/24,171.81
2/5/24,170.31
2/6/24,169.15
2/7/24,170.53
2/8/24,169.84
2/9/24,174.45
2/12/24,172.34
2/13/24,168.64
2/14/24,170.98
2/15/24,169.80
2/16/24,169.51
2/20/24,167.08
2/21/24,168.59
2/22/24,174.58
2/23/24,174.99
2/26/24,174.73
2/27/24,173.54
2/28/24,173.16
2/29/24,176.76
3/1/24,178.22
3/4/24,177.58
3/5/24,174.12
3/6/24,173.51
3/7/24,176.82
3/8/24,175.35
3/11/24,171.96
3/12/24,175.39
3/13/24,176.56
3/14/24,178.75
3/15/24,174.42
3/18/24,174.48
3/19/24,175.90
3/20/24,178.15
3/21/24,178.15
3/22/24,178.87
3/25/24,179.71
3/26/24,178.30
3/27/24,179.83
3/28/24,180.38
4/1/24,180.97
4/2/24,180.69
4/3/24,182.41
4/4/24,180.00
4/5/24,185.07
4/8/24,185.19
4/9/24,185.67
4/10/24,185.95
4/11/24,189.05
4/12/24,186.13
4/15/24,183.62
4/16/24,183.32
4/17/24,181.28
4/18/24,179.22
4/19/24,174.63
4/22/24,177.23
4/23/24,179.54
4/24/24,176.59
4/25/24,173.67
4/26/24,179.62
4/29/24,180.96
4/30/24,175.00
5/1/24,179.00
5/2/24,184.72
5/3/24,186.21
5/6/24,188.70
5/7/24,188.76
5/8/24,188.00
5/9/24,189.50
5/10/24,187.48
5/13/24,186.57
5/14/24,187.07
5/15/24,185.99
5/16/24,183.63
5/17/24,184.70
5/20/24,183.54
5/21/24,183.15
5/22/24,183.13
5/23/24,181.05
5/24/24,180.75
5/28/24,182.15
5/29/24,182.02
5/30/24,179.32
5/31/24,176.44
6/3/24,178.34
6/4/24,179.34
6/5/24,181.28
6/6/24,185.00
6/7/24,184.30
6/10/24,187.06
6/11/24,187.23
6/12/24,186.89
6/13/24,183.83
6/14/24,183.66
6/17/24,184.06
6/18/24,182.81
6/20/24,186.10
6/21/24,189.08